--
-- PostgreSQL database dump
--

-- Dumped from database version 9.5.2
-- Dumped by pg_dump version 9.5.2

SET statement_timeout = 0;
SET lock_timeout = 0;
SET client_encoding = 'UTF8';
SET standard_conforming_strings = on;
SET check_function_bodies = false;
SET client_min_messages = warning;
SET row_security = off;

SET search_path = public, pg_catalog;

--
-- Data for Name: charac; Type: TABLE DATA; Schema: public; Owner: arkeogis
--

COPY charac (id, parent_id, "order", author_user_id, created_at, updated_at) FROM stdin;
0	0	0	0	2016-06-23 15:32:00.869771	2016-06-23 15:32:00.869771
384	382	15	0	2016-06-23 15:32:02.381362	2016-07-01 15:17:14.760991
385	375	16	0	2016-06-23 15:32:02.381362	2016-07-01 15:17:14.760991
386	385	16	0	2016-06-23 15:32:02.381362	2016-07-01 15:17:14.760991
387	385	17	0	2016-06-23 15:32:02.381362	2016-07-01 15:17:14.760991
388	375	18	0	2016-06-23 15:32:02.381362	2016-07-01 15:17:14.760991
389	388	18	0	2016-06-23 15:32:02.381362	2016-07-01 15:17:14.760991
390	388	19	0	2016-06-23 15:32:02.381362	2016-07-01 15:17:14.760991
391	375	20	0	2016-06-23 15:32:02.381362	2016-07-01 15:17:14.760991
392	391	20	0	2016-06-23 15:32:02.381362	2016-07-01 15:17:14.760991
393	391	21	0	2016-06-23 15:32:02.381362	2016-07-01 15:17:14.760991
394	374	22	0	2016-06-23 15:32:02.381362	2016-07-01 15:17:14.760991
395	394	22	0	2016-06-23 15:32:02.381362	2016-07-01 15:17:14.760991
396	395	22	0	2016-06-23 15:32:02.381362	2016-07-01 15:17:14.760991
397	395	23	0	2016-06-23 15:32:02.381362	2016-07-01 15:17:14.760991
398	394	24	0	2016-06-23 15:32:02.381362	2016-07-01 15:17:14.760991
399	398	24	0	2016-06-23 15:32:02.381362	2016-07-01 15:17:14.760991
400	398	25	0	2016-06-23 15:32:02.381362	2016-07-01 15:17:14.760991
401	394	26	0	2016-06-23 15:32:02.381362	2016-07-01 15:17:14.760991
402	401	26	0	2016-06-23 15:32:02.381362	2016-07-01 15:17:14.760991
403	401	27	0	2016-06-23 15:32:02.381362	2016-07-01 15:17:14.760991
404	394	28	0	2016-06-23 15:32:02.381362	2016-07-01 15:17:14.760991
405	404	28	0	2016-06-23 15:32:02.381362	2016-07-01 15:17:14.760991
406	404	29	0	2016-06-23 15:32:02.381362	2016-07-01 15:17:14.760991
407	394	30	0	2016-06-23 15:32:02.381362	2016-07-01 15:17:14.760991
408	407	30	0	2016-06-23 15:32:02.381362	2016-07-01 15:17:14.760991
409	407	31	0	2016-06-23 15:32:02.381362	2016-07-01 15:17:14.760991
410	394	32	0	2016-06-23 15:32:02.381362	2016-07-01 15:17:14.760991
411	410	32	0	2016-06-23 15:32:02.381362	2016-07-01 15:17:14.760991
412	410	33	0	2016-06-23 15:32:02.381362	2016-07-01 15:17:14.760991
413	374	34	0	2016-06-23 15:32:02.381362	2016-07-01 15:17:14.760991
414	413	34	0	2016-06-23 15:32:02.381362	2016-07-01 15:17:14.760991
415	414	34	0	2016-06-23 15:32:02.381362	2016-07-01 15:17:14.760991
416	414	35	0	2016-06-23 15:32:02.381362	2016-07-01 15:17:14.760991
417	413	36	0	2016-06-23 15:32:02.381362	2016-07-01 15:17:14.760991
418	417	36	0	2016-06-23 15:32:02.381362	2016-07-01 15:17:14.760991
419	417	37	0	2016-06-23 15:32:02.381362	2016-07-01 15:17:14.760991
420	413	38	0	2016-06-23 15:32:02.381362	2016-07-01 15:17:14.760991
421	420	38	0	2016-06-23 15:32:02.381362	2016-07-01 15:17:14.760991
422	420	39	0	2016-06-23 15:32:02.381362	2016-07-01 15:17:14.760991
423	413	40	0	2016-06-23 15:32:02.381362	2016-07-01 15:17:14.760991
424	423	40	0	2016-06-23 15:32:02.381362	2016-07-01 15:17:14.760991
425	423	41	0	2016-06-23 15:32:02.381362	2016-07-01 15:17:14.760991
426	413	42	0	2016-06-23 15:32:02.381362	2016-07-01 15:17:14.760991
427	426	42	0	2016-06-23 15:32:02.381362	2016-07-01 15:17:14.760991
428	426	43	0	2016-06-23 15:32:02.381362	2016-07-01 15:17:14.760991
429	413	44	0	2016-06-23 15:32:02.381362	2016-07-01 15:17:14.760991
430	429	44	0	2016-06-23 15:32:02.381362	2016-07-01 15:17:14.760991
431	429	45	0	2016-06-23 15:32:02.381362	2016-07-01 15:17:14.760991
432	374	46	0	2016-06-23 15:32:02.381362	2016-07-01 15:17:14.760991
433	432	46	0	2016-06-23 15:32:02.381362	2016-07-01 15:17:14.760991
434	433	46	0	2016-06-23 15:32:02.381362	2016-07-01 15:17:14.760991
435	433	47	0	2016-06-23 15:32:02.381362	2016-07-01 15:17:14.760991
436	432	48	0	2016-06-23 15:32:02.381362	2016-07-01 15:17:14.760991
437	436	48	0	2016-06-23 15:32:02.381362	2016-07-01 15:17:14.760991
438	436	49	0	2016-06-23 15:32:02.381362	2016-07-01 15:17:14.760991
439	432	50	0	2016-06-23 15:32:02.381362	2016-07-01 15:17:14.760991
440	439	50	0	2016-06-23 15:32:02.381362	2016-07-01 15:17:14.760991
441	439	51	0	2016-06-23 15:32:02.381362	2016-07-01 15:17:14.760991
442	432	52	0	2016-06-23 15:32:02.381362	2016-07-01 15:17:14.760991
443	442	52	0	2016-06-23 15:32:02.381362	2016-07-01 15:17:14.760991
444	442	53	0	2016-06-23 15:32:02.381362	2016-07-01 15:17:14.760991
445	432	54	0	2016-06-23 15:32:02.381362	2016-07-01 15:17:14.760991
446	445	54	0	2016-06-23 15:32:02.381362	2016-07-01 15:17:14.760991
447	445	55	0	2016-06-23 15:32:02.381362	2016-07-01 15:17:14.760991
448	432	56	0	2016-06-23 15:32:02.381362	2016-07-01 15:17:14.760991
449	448	56	0	2016-06-23 15:32:02.381362	2016-07-01 15:17:14.760991
450	448	57	0	2016-06-23 15:32:02.381362	2016-07-01 15:17:14.760991
451	360	58	0	2016-06-23 15:32:02.381362	2016-07-01 15:17:14.760991
452	451	58	0	2016-06-23 15:32:02.381362	2016-07-01 15:17:14.760991
453	452	58	0	2016-06-23 15:32:02.381362	2016-07-01 15:17:14.760991
454	453	58	0	2016-06-23 15:32:02.381362	2016-07-01 15:17:14.760991
455	453	59	0	2016-06-23 15:32:02.381362	2016-07-01 15:17:14.760991
456	453	60	0	2016-06-23 15:32:02.381362	2016-07-01 15:17:14.760991
457	453	61	0	2016-06-23 15:32:02.381362	2016-07-01 15:17:14.760991
458	453	62	0	2016-06-23 15:32:02.381362	2016-07-01 15:17:14.760991
459	453	63	0	2016-06-23 15:32:02.381362	2016-07-01 15:17:14.760991
460	452	64	0	2016-06-23 15:32:02.381362	2016-07-01 15:17:14.760991
461	460	64	0	2016-06-23 15:32:02.381362	2016-07-01 15:17:14.760991
462	460	65	0	2016-06-23 15:32:02.381362	2016-07-01 15:17:14.760991
463	460	66	0	2016-06-23 15:32:02.381362	2016-07-01 15:17:14.760991
464	460	67	0	2016-06-23 15:32:02.381362	2016-07-01 15:17:14.760991
465	460	68	0	2016-06-23 15:32:02.381362	2016-07-01 15:17:14.760991
466	460	69	0	2016-06-23 15:32:02.381362	2016-07-01 15:17:14.760991
467	452	70	0	2016-06-23 15:32:02.381362	2016-07-01 15:17:14.760991
468	467	70	0	2016-06-23 15:32:02.381362	2016-07-01 15:17:14.760991
469	467	71	0	2016-06-23 15:32:02.381362	2016-07-01 15:17:14.760991
470	467	72	0	2016-06-23 15:32:02.381362	2016-07-01 15:17:14.760991
471	467	73	0	2016-06-23 15:32:02.381362	2016-07-01 15:17:14.760991
472	467	74	0	2016-06-23 15:32:02.381362	2016-07-01 15:17:14.760991
473	467	75	0	2016-06-23 15:32:02.381362	2016-07-01 15:17:14.760991
474	451	76	0	2016-06-23 15:32:02.381362	2016-07-01 15:17:14.760991
475	474	76	0	2016-06-23 15:32:02.381362	2016-07-01 15:17:14.760991
476	475	76	0	2016-06-23 15:32:02.381362	2016-07-01 15:17:14.760991
477	475	77	0	2016-06-23 15:32:02.381362	2016-07-01 15:17:14.760991
478	475	78	0	2016-06-23 15:32:02.381362	2016-07-01 15:17:14.760991
479	475	79	0	2016-06-23 15:32:02.381362	2016-07-01 15:17:14.760991
480	475	80	0	2016-06-23 15:32:02.381362	2016-07-01 15:17:14.760991
481	475	81	0	2016-06-23 15:32:02.381362	2016-07-01 15:17:14.760991
482	474	82	0	2016-06-23 15:32:02.381362	2016-07-01 15:17:14.760991
483	482	82	0	2016-06-23 15:32:02.381362	2016-07-01 15:17:14.760991
484	482	83	0	2016-06-23 15:32:02.381362	2016-07-01 15:17:14.760991
485	482	84	0	2016-06-23 15:32:02.381362	2016-07-01 15:17:14.760991
486	482	85	0	2016-06-23 15:32:02.381362	2016-07-01 15:17:14.760991
487	482	86	0	2016-06-23 15:32:02.381362	2016-07-01 15:17:14.760991
488	482	87	0	2016-06-23 15:32:02.381362	2016-07-01 15:17:14.760991
489	474	88	0	2016-06-23 15:32:02.381362	2016-07-01 15:17:14.760991
490	489	88	0	2016-06-23 15:32:02.381362	2016-07-01 15:17:14.760991
491	489	89	0	2016-06-23 15:32:02.381362	2016-07-01 15:17:14.760991
492	489	90	0	2016-06-23 15:32:02.381362	2016-07-01 15:17:14.760991
493	489	91	0	2016-06-23 15:32:02.381362	2016-07-01 15:17:14.760991
494	489	92	0	2016-06-23 15:32:02.381362	2016-07-01 15:17:14.760991
495	489	93	0	2016-06-23 15:32:02.381362	2016-07-01 15:17:14.760991
496	451	94	0	2016-06-23 15:32:02.381362	2016-07-01 15:17:14.760991
497	496	94	0	2016-06-23 15:32:02.381362	2016-07-01 15:17:14.760991
498	497	94	0	2016-06-23 15:32:02.381362	2016-07-01 15:17:14.760991
499	497	95	0	2016-06-23 15:32:02.381362	2016-07-01 15:17:14.760991
500	497	96	0	2016-06-23 15:32:02.381362	2016-07-01 15:17:14.760991
501	497	97	0	2016-06-23 15:32:02.381362	2016-07-01 15:17:14.760991
502	497	98	0	2016-06-23 15:32:02.381362	2016-07-01 15:17:14.760991
503	497	99	0	2016-06-23 15:32:02.381362	2016-07-01 15:17:14.760991
504	496	100	0	2016-06-23 15:32:02.381362	2016-07-01 15:17:14.760991
505	504	100	0	2016-06-23 15:32:02.381362	2016-07-01 15:17:14.760991
506	504	101	0	2016-06-23 15:32:02.381362	2016-07-01 15:17:14.760991
507	504	102	0	2016-06-23 15:32:02.381362	2016-07-01 15:17:14.760991
508	504	103	0	2016-06-23 15:32:02.381362	2016-07-01 15:17:14.760991
509	504	104	0	2016-06-23 15:32:02.381362	2016-07-01 15:17:14.760991
510	504	105	0	2016-06-23 15:32:02.381362	2016-07-01 15:17:14.760991
511	496	106	0	2016-06-23 15:32:02.381362	2016-07-01 15:17:14.760991
512	511	106	0	2016-06-23 15:32:02.381362	2016-07-01 15:17:14.760991
513	511	107	0	2016-06-23 15:32:02.381362	2016-07-01 15:17:14.760991
514	511	108	0	2016-06-23 15:32:02.381362	2016-07-01 15:17:14.760991
515	511	109	0	2016-06-23 15:32:02.381362	2016-07-01 15:17:14.760991
516	511	110	0	2016-06-23 15:32:02.381362	2016-07-01 15:17:14.760991
517	511	111	0	2016-06-23 15:32:02.381362	2016-07-01 15:17:14.760991
518	451	112	0	2016-06-23 15:32:02.381362	2016-07-01 15:17:14.760991
519	360	113	0	2016-06-23 15:32:02.381362	2016-07-01 15:17:14.760991
251	0	1	0	2016-06-23 15:32:01.892099	2016-06-23 15:32:01.892099
252	251	1	0	2016-06-23 15:32:01.892099	2016-06-23 15:32:01.892099
253	251	2	0	2016-06-23 15:32:01.892099	2016-06-23 15:32:01.892099
254	253	2	0	2016-06-23 15:32:01.892099	2016-06-23 15:32:01.892099
255	254	2	0	2016-06-23 15:32:01.892099	2016-06-23 15:32:01.892099
256	254	3	0	2016-06-23 15:32:01.892099	2016-06-23 15:32:01.892099
257	254	4	0	2016-06-23 15:32:01.892099	2016-06-23 15:32:01.892099
258	253	5	0	2016-06-23 15:32:01.892099	2016-06-23 15:32:01.892099
259	258	5	0	2016-06-23 15:32:01.892099	2016-06-23 15:32:01.892099
260	258	6	0	2016-06-23 15:32:01.892099	2016-06-23 15:32:01.892099
261	258	7	0	2016-06-23 15:32:01.892099	2016-06-23 15:32:01.892099
262	253	8	0	2016-06-23 15:32:01.892099	2016-06-23 15:32:01.892099
263	262	8	0	2016-06-23 15:32:01.892099	2016-06-23 15:32:01.892099
264	262	9	0	2016-06-23 15:32:01.892099	2016-06-23 15:32:01.892099
265	262	10	0	2016-06-23 15:32:01.892099	2016-06-23 15:32:01.892099
266	253	11	0	2016-06-23 15:32:01.892099	2016-06-23 15:32:01.892099
267	266	11	0	2016-06-23 15:32:01.892099	2016-06-23 15:32:01.892099
268	266	12	0	2016-06-23 15:32:01.892099	2016-06-23 15:32:01.892099
269	266	13	0	2016-06-23 15:32:01.892099	2016-06-23 15:32:01.892099
270	253	14	0	2016-06-23 15:32:01.892099	2016-06-23 15:32:01.892099
271	270	14	0	2016-06-23 15:32:01.892099	2016-06-23 15:32:01.892099
43	40	30	0	2016-06-23 15:32:00.879714	2016-06-30 18:10:59.240984
44	7	31	0	2016-06-23 15:32:00.879714	2016-06-30 18:10:59.240984
45	44	31	0	2016-06-23 15:32:00.879714	2016-06-30 18:10:59.240984
46	44	32	0	2016-06-23 15:32:00.879714	2016-06-30 18:10:59.240984
47	44	33	0	2016-06-23 15:32:00.879714	2016-06-30 18:10:59.240984
48	7	34	0	2016-06-23 15:32:00.879714	2016-06-30 18:10:59.240984
49	48	34	0	2016-06-23 15:32:00.879714	2016-06-30 18:10:59.240984
50	48	35	0	2016-06-23 15:32:00.879714	2016-06-30 18:10:59.240984
51	48	36	0	2016-06-23 15:32:00.879714	2016-06-30 18:10:59.240984
52	7	37	0	2016-06-23 15:32:00.879714	2016-06-30 18:10:59.240984
53	52	37	0	2016-06-23 15:32:00.879714	2016-06-30 18:10:59.240984
54	52	38	0	2016-06-23 15:32:00.879714	2016-06-30 18:10:59.240984
55	52	39	0	2016-06-23 15:32:00.879714	2016-06-30 18:10:59.240984
56	7	40	0	2016-06-23 15:32:00.879714	2016-06-30 18:10:59.240984
57	56	40	0	2016-06-23 15:32:00.879714	2016-06-30 18:10:59.240984
58	56	41	0	2016-06-23 15:32:00.879714	2016-06-30 18:10:59.240984
59	56	42	0	2016-06-23 15:32:00.879714	2016-06-30 18:10:59.240984
60	2	43	0	2016-06-23 15:32:00.879714	2016-06-30 18:10:59.240984
61	2	44	0	2016-06-23 15:32:00.879714	2016-06-30 18:10:59.240984
62	61	44	0	2016-06-23 15:32:00.879714	2016-06-30 18:10:59.240984
63	62	44	0	2016-06-23 15:32:00.879714	2016-06-30 18:10:59.240984
64	61	45	0	2016-06-23 15:32:00.879714	2016-06-30 18:10:59.240984
65	64	45	0	2016-06-23 15:32:00.879714	2016-06-30 18:10:59.240984
66	61	46	0	2016-06-23 15:32:00.879714	2016-06-30 18:10:59.240984
67	66	46	0	2016-06-23 15:32:00.879714	2016-06-30 18:10:59.240984
68	61	47	0	2016-06-23 15:32:00.879714	2016-06-30 18:10:59.240984
69	68	47	0	2016-06-23 15:32:00.879714	2016-06-30 18:10:59.240984
70	61	48	0	2016-06-23 15:32:00.879714	2016-06-30 18:10:59.240984
71	70	48	0	2016-06-23 15:32:00.879714	2016-06-30 18:10:59.240984
72	70	49	0	2016-06-23 15:32:00.879714	2016-06-30 18:10:59.240984
73	70	50	0	2016-06-23 15:32:00.879714	2016-06-30 18:10:59.240984
74	2	51	0	2016-06-23 15:32:00.879714	2016-06-30 18:10:59.240984
75	74	51	0	2016-06-23 15:32:00.879714	2016-06-30 18:10:59.240984
76	74	52	0	2016-06-23 15:32:00.879714	2016-06-30 18:10:59.240984
77	74	53	0	2016-06-23 15:32:00.879714	2016-06-30 18:10:59.240984
78	74	54	0	2016-06-23 15:32:00.879714	2016-06-30 18:10:59.240984
79	74	55	0	2016-06-23 15:32:00.879714	2016-06-30 18:10:59.240984
80	74	56	0	2016-06-23 15:32:00.879714	2016-06-30 18:10:59.240984
81	74	57	0	2016-06-23 15:32:00.879714	2016-06-30 18:10:59.240984
82	74	58	0	2016-06-23 15:32:00.879714	2016-06-30 18:10:59.240984
83	74	59	0	2016-06-23 15:32:00.879714	2016-06-30 18:10:59.240984
84	74	60	0	2016-06-23 15:32:00.879714	2016-06-30 18:10:59.240984
272	270	15	0	2016-06-23 15:32:01.892099	2016-06-23 15:32:01.892099
273	270	16	0	2016-06-23 15:32:01.892099	2016-06-23 15:32:01.892099
274	253	17	0	2016-06-23 15:32:01.892099	2016-06-23 15:32:01.892099
275	274	17	0	2016-06-23 15:32:01.892099	2016-06-23 15:32:01.892099
276	274	18	0	2016-06-23 15:32:01.892099	2016-06-23 15:32:01.892099
277	274	19	0	2016-06-23 15:32:01.892099	2016-06-23 15:32:01.892099
278	253	20	0	2016-06-23 15:32:01.892099	2016-06-23 15:32:01.892099
279	278	20	0	2016-06-23 15:32:01.892099	2016-06-23 15:32:01.892099
280	278	21	0	2016-06-23 15:32:01.892099	2016-06-23 15:32:01.892099
281	278	22	0	2016-06-23 15:32:01.892099	2016-06-23 15:32:01.892099
282	253	23	0	2016-06-23 15:32:01.892099	2016-06-23 15:32:01.892099
283	282	23	0	2016-06-23 15:32:01.892099	2016-06-23 15:32:01.892099
284	282	24	0	2016-06-23 15:32:01.892099	2016-06-23 15:32:01.892099
285	282	25	0	2016-06-23 15:32:01.892099	2016-06-23 15:32:01.892099
286	253	26	0	2016-06-23 15:32:01.892099	2016-06-23 15:32:01.892099
287	286	26	0	2016-06-23 15:32:01.892099	2016-06-23 15:32:01.892099
288	286	27	0	2016-06-23 15:32:01.892099	2016-06-23 15:32:01.892099
289	286	28	0	2016-06-23 15:32:01.892099	2016-06-23 15:32:01.892099
290	253	29	0	2016-06-23 15:32:01.892099	2016-06-23 15:32:01.892099
291	290	29	0	2016-06-23 15:32:01.892099	2016-06-23 15:32:01.892099
292	290	30	0	2016-06-23 15:32:01.892099	2016-06-23 15:32:01.892099
293	290	31	0	2016-06-23 15:32:01.892099	2016-06-23 15:32:01.892099
294	253	32	0	2016-06-23 15:32:01.892099	2016-06-23 15:32:01.892099
295	294	32	0	2016-06-23 15:32:01.892099	2016-06-23 15:32:01.892099
296	294	33	0	2016-06-23 15:32:01.892099	2016-06-23 15:32:01.892099
297	294	34	0	2016-06-23 15:32:01.892099	2016-06-23 15:32:01.892099
298	253	35	0	2016-06-23 15:32:01.892099	2016-06-23 15:32:01.892099
299	298	35	0	2016-06-23 15:32:01.892099	2016-06-23 15:32:01.892099
300	298	36	0	2016-06-23 15:32:01.892099	2016-06-23 15:32:01.892099
301	298	37	0	2016-06-23 15:32:01.892099	2016-06-23 15:32:01.892099
302	251	38	0	2016-06-23 15:32:01.892099	2016-06-23 15:32:01.892099
303	302	38	0	2016-06-23 15:32:01.892099	2016-06-23 15:32:01.892099
304	303	38	0	2016-06-23 15:32:01.892099	2016-06-23 15:32:01.892099
305	304	38	0	2016-06-23 15:32:01.892099	2016-06-23 15:32:01.892099
306	304	39	0	2016-06-23 15:32:01.892099	2016-06-23 15:32:01.892099
307	304	40	0	2016-06-23 15:32:01.892099	2016-06-23 15:32:01.892099
308	303	41	0	2016-06-23 15:32:01.892099	2016-06-23 15:32:01.892099
309	308	41	0	2016-06-23 15:32:01.892099	2016-06-23 15:32:01.892099
310	308	42	0	2016-06-23 15:32:01.892099	2016-06-23 15:32:01.892099
311	308	43	0	2016-06-23 15:32:01.892099	2016-06-23 15:32:01.892099
312	303	44	0	2016-06-23 15:32:01.892099	2016-06-23 15:32:01.892099
313	312	44	0	2016-06-23 15:32:01.892099	2016-06-23 15:32:01.892099
314	312	45	0	2016-06-23 15:32:01.892099	2016-06-23 15:32:01.892099
315	312	46	0	2016-06-23 15:32:01.892099	2016-06-23 15:32:01.892099
316	303	47	0	2016-06-23 15:32:01.892099	2016-06-23 15:32:01.892099
317	316	47	0	2016-06-23 15:32:01.892099	2016-06-23 15:32:01.892099
318	316	48	0	2016-06-23 15:32:01.892099	2016-06-23 15:32:01.892099
319	316	49	0	2016-06-23 15:32:01.892099	2016-06-23 15:32:01.892099
320	303	50	0	2016-06-23 15:32:01.892099	2016-06-23 15:32:01.892099
321	320	50	0	2016-06-23 15:32:01.892099	2016-06-23 15:32:01.892099
322	320	51	0	2016-06-23 15:32:01.892099	2016-06-23 15:32:01.892099
323	320	52	0	2016-06-23 15:32:01.892099	2016-06-23 15:32:01.892099
324	303	53	0	2016-06-23 15:32:01.892099	2016-06-23 15:32:01.892099
325	324	53	0	2016-06-23 15:32:01.892099	2016-06-23 15:32:01.892099
326	324	54	0	2016-06-23 15:32:01.892099	2016-06-23 15:32:01.892099
327	324	55	0	2016-06-23 15:32:01.892099	2016-06-23 15:32:01.892099
328	302	56	0	2016-06-23 15:32:01.892099	2016-06-23 15:32:01.892099
329	328	56	0	2016-06-23 15:32:01.892099	2016-06-23 15:32:01.892099
330	328	57	0	2016-06-23 15:32:01.892099	2016-06-23 15:32:01.892099
331	328	58	0	2016-06-23 15:32:01.892099	2016-06-23 15:32:01.892099
332	302	59	0	2016-06-23 15:32:01.892099	2016-06-23 15:32:01.892099
333	332	59	0	2016-06-23 15:32:01.892099	2016-06-23 15:32:01.892099
334	332	60	0	2016-06-23 15:32:01.892099	2016-06-23 15:32:01.892099
335	332	61	0	2016-06-23 15:32:01.892099	2016-06-23 15:32:01.892099
336	302	62	0	2016-06-23 15:32:01.892099	2016-06-23 15:32:01.892099
337	336	62	0	2016-06-23 15:32:01.892099	2016-06-23 15:32:01.892099
338	336	63	0	2016-06-23 15:32:01.892099	2016-06-23 15:32:01.892099
339	336	64	0	2016-06-23 15:32:01.892099	2016-06-23 15:32:01.892099
340	302	65	0	2016-06-23 15:32:01.892099	2016-06-23 15:32:01.892099
341	340	65	0	2016-06-23 15:32:01.892099	2016-06-23 15:32:01.892099
342	340	66	0	2016-06-23 15:32:01.892099	2016-06-23 15:32:01.892099
343	340	67	0	2016-06-23 15:32:01.892099	2016-06-23 15:32:01.892099
344	251	68	0	2016-06-23 15:32:01.892099	2016-06-23 15:32:01.892099
345	344	68	0	2016-06-23 15:32:01.892099	2016-06-23 15:32:01.892099
346	344	69	0	2016-06-23 15:32:01.892099	2016-06-23 15:32:01.892099
347	344	70	0	2016-06-23 15:32:01.892099	2016-06-23 15:32:01.892099
348	344	71	0	2016-06-23 15:32:01.892099	2016-06-23 15:32:01.892099
349	344	72	0	2016-06-23 15:32:01.892099	2016-06-23 15:32:01.892099
350	344	73	0	2016-06-23 15:32:01.892099	2016-06-23 15:32:01.892099
351	350	73	0	2016-06-23 15:32:01.892099	2016-06-23 15:32:01.892099
352	350	74	0	2016-06-23 15:32:01.892099	2016-06-23 15:32:01.892099
353	350	75	0	2016-06-23 15:32:01.892099	2016-06-23 15:32:01.892099
354	350	76	0	2016-06-23 15:32:01.892099	2016-06-23 15:32:01.892099
355	350	77	0	2016-06-23 15:32:01.892099	2016-06-23 15:32:01.892099
356	350	78	0	2016-06-23 15:32:01.892099	2016-06-23 15:32:01.892099
357	344	79	0	2016-06-23 15:32:01.892099	2016-06-23 15:32:01.892099
358	344	80	0	2016-06-23 15:32:01.892099	2016-06-23 15:32:01.892099
359	344	81	0	2016-06-23 15:32:01.892099	2016-06-23 15:32:01.892099
85	74	61	0	2016-06-23 15:32:00.879714	2016-06-30 18:10:59.240984
86	1	62	0	2016-06-23 15:32:00.879714	2016-06-30 18:10:59.240984
87	86	62	0	2016-06-23 15:32:00.879714	2016-06-30 18:10:59.240984
88	87	62	0	2016-06-23 15:32:00.879714	2016-06-30 18:10:59.240984
89	87	63	0	2016-06-23 15:32:00.879714	2016-06-30 18:10:59.240984
90	87	64	0	2016-06-23 15:32:00.879714	2016-06-30 18:10:59.240984
91	87	65	0	2016-06-23 15:32:00.879714	2016-06-30 18:10:59.240984
92	87	66	0	2016-06-23 15:32:00.879714	2016-06-30 18:10:59.240984
93	87	67	0	2016-06-23 15:32:00.879714	2016-06-30 18:10:59.240984
94	87	68	0	2016-06-23 15:32:00.879714	2016-06-30 18:10:59.240984
95	87	69	0	2016-06-23 15:32:00.879714	2016-06-30 18:10:59.240984
96	87	70	0	2016-06-23 15:32:00.879714	2016-06-30 18:10:59.240984
97	87	71	0	2016-06-23 15:32:00.879714	2016-06-30 18:10:59.240984
98	86	72	0	2016-06-23 15:32:00.879714	2016-06-30 18:10:59.240984
99	86	73	0	2016-06-23 15:32:00.879714	2016-06-30 18:10:59.240984
100	99	73	0	2016-06-23 15:32:00.879714	2016-06-30 18:10:59.240984
101	99	74	0	2016-06-23 15:32:00.879714	2016-06-30 18:10:59.240984
102	99	75	0	2016-06-23 15:32:00.879714	2016-06-30 18:10:59.240984
103	99	76	0	2016-06-23 15:32:00.879714	2016-06-30 18:10:59.240984
104	86	77	0	2016-06-23 15:32:00.879714	2016-06-30 18:10:59.240984
105	104	77	0	2016-06-23 15:32:00.879714	2016-06-30 18:10:59.240984
106	104	78	0	2016-06-23 15:32:00.879714	2016-06-30 18:10:59.240984
107	104	79	0	2016-06-23 15:32:00.879714	2016-06-30 18:10:59.240984
108	104	80	0	2016-06-23 15:32:00.879714	2016-06-30 18:10:59.240984
109	104	81	0	2016-06-23 15:32:00.879714	2016-06-30 18:10:59.240984
110	104	82	0	2016-06-23 15:32:00.879714	2016-06-30 18:10:59.240984
111	104	83	0	2016-06-23 15:32:00.879714	2016-06-30 18:10:59.240984
112	104	84	0	2016-06-23 15:32:00.879714	2016-06-30 18:10:59.240984
113	86	85	0	2016-06-23 15:32:00.879714	2016-06-30 18:10:59.240984
114	113	85	0	2016-06-23 15:32:00.879714	2016-06-30 18:10:59.240984
115	113	86	0	2016-06-23 15:32:00.879714	2016-06-30 18:10:59.240984
116	113	87	0	2016-06-23 15:32:00.879714	2016-06-30 18:10:59.240984
117	116	87	0	2016-06-23 15:32:00.879714	2016-06-30 18:10:59.240984
118	116	88	0	2016-06-23 15:32:00.879714	2016-06-30 18:10:59.240984
119	116	89	0	2016-06-23 15:32:00.879714	2016-06-30 18:10:59.240984
120	116	90	0	2016-06-23 15:32:00.879714	2016-06-30 18:10:59.240984
121	113	91	0	2016-06-23 15:32:00.879714	2016-06-30 18:10:59.240984
122	113	92	0	2016-06-23 15:32:00.879714	2016-06-30 18:10:59.240984
123	113	93	0	2016-06-23 15:32:00.879714	2016-06-30 18:10:59.240984
124	113	94	0	2016-06-23 15:32:00.879714	2016-06-30 18:10:59.240984
125	86	95	0	2016-06-23 15:32:00.879714	2016-06-30 18:10:59.240984
126	125	95	0	2016-06-23 15:32:00.879714	2016-06-30 18:10:59.240984
127	125	96	0	2016-06-23 15:32:00.879714	2016-06-30 18:10:59.240984
128	125	97	0	2016-06-23 15:32:00.879714	2016-06-30 18:10:59.240984
129	86	98	0	2016-06-23 15:32:00.879714	2016-06-30 18:10:59.240984
130	129	98	0	2016-06-23 15:32:00.879714	2016-06-30 18:10:59.240984
131	129	99	0	2016-06-23 15:32:00.879714	2016-06-30 18:10:59.240984
132	129	100	0	2016-06-23 15:32:00.879714	2016-06-30 18:10:59.240984
133	129	101	0	2016-06-23 15:32:00.879714	2016-06-30 18:10:59.240984
134	129	102	0	2016-06-23 15:32:00.879714	2016-06-30 18:10:59.240984
135	129	103	0	2016-06-23 15:32:00.879714	2016-06-30 18:10:59.240984
136	129	104	0	2016-06-23 15:32:00.879714	2016-06-30 18:10:59.240984
137	129	105	0	2016-06-23 15:32:00.879714	2016-06-30 18:10:59.240984
138	129	106	0	2016-06-23 15:32:00.879714	2016-06-30 18:10:59.240984
139	129	107	0	2016-06-23 15:32:00.879714	2016-06-30 18:10:59.240984
140	1	108	0	2016-06-23 15:32:00.879714	2016-06-30 18:10:59.240984
141	140	108	0	2016-06-23 15:32:00.879714	2016-06-30 18:10:59.240984
142	141	108	0	2016-06-23 15:32:00.879714	2016-06-30 18:10:59.240984
143	142	108	0	2016-06-23 15:32:00.879714	2016-06-30 18:10:59.240984
144	142	109	0	2016-06-23 15:32:00.879714	2016-06-30 18:10:59.240984
145	142	110	0	2016-06-23 15:32:00.879714	2016-06-30 18:10:59.240984
146	142	111	0	2016-06-23 15:32:00.879714	2016-06-30 18:10:59.240984
147	142	112	0	2016-06-23 15:32:00.879714	2016-06-30 18:10:59.240984
148	142	113	0	2016-06-23 15:32:00.879714	2016-06-30 18:10:59.240984
149	141	114	0	2016-06-23 15:32:00.879714	2016-06-30 18:10:59.240984
150	149	114	0	2016-06-23 15:32:00.879714	2016-06-30 18:10:59.240984
151	149	115	0	2016-06-23 15:32:00.879714	2016-06-30 18:10:59.240984
152	149	116	0	2016-06-23 15:32:00.879714	2016-06-30 18:10:59.240984
153	149	117	0	2016-06-23 15:32:00.879714	2016-06-30 18:10:59.240984
154	149	118	0	2016-06-23 15:32:00.879714	2016-06-30 18:10:59.240984
155	149	119	0	2016-06-23 15:32:00.879714	2016-06-30 18:10:59.240984
156	141	120	0	2016-06-23 15:32:00.879714	2016-06-30 18:10:59.240984
157	156	120	0	2016-06-23 15:32:00.879714	2016-06-30 18:10:59.240984
158	156	121	0	2016-06-23 15:32:00.879714	2016-06-30 18:10:59.240984
159	156	122	0	2016-06-23 15:32:00.879714	2016-06-30 18:10:59.240984
160	156	123	0	2016-06-23 15:32:00.879714	2016-06-30 18:10:59.240984
161	156	124	0	2016-06-23 15:32:00.879714	2016-06-30 18:10:59.240984
162	156	125	0	2016-06-23 15:32:00.879714	2016-06-30 18:10:59.240984
163	141	126	0	2016-06-23 15:32:00.879714	2016-06-30 18:10:59.240984
164	163	126	0	2016-06-23 15:32:00.879714	2016-06-30 18:10:59.240984
165	163	127	0	2016-06-23 15:32:00.879714	2016-06-30 18:10:59.240984
166	163	128	0	2016-06-23 15:32:00.879714	2016-06-30 18:10:59.240984
167	163	129	0	2016-06-23 15:32:00.879714	2016-06-30 18:10:59.240984
168	163	130	0	2016-06-23 15:32:00.879714	2016-06-30 18:10:59.240984
169	163	131	0	2016-06-23 15:32:00.879714	2016-06-30 18:10:59.240984
170	141	132	0	2016-06-23 15:32:00.879714	2016-06-30 18:10:59.240984
171	170	132	0	2016-06-23 15:32:00.879714	2016-06-30 18:10:59.240984
172	170	133	0	2016-06-23 15:32:00.879714	2016-06-30 18:10:59.240984
173	170	134	0	2016-06-23 15:32:00.879714	2016-06-30 18:10:59.240984
174	170	135	0	2016-06-23 15:32:00.879714	2016-06-30 18:10:59.240984
175	170	136	0	2016-06-23 15:32:00.879714	2016-06-30 18:10:59.240984
176	170	137	0	2016-06-23 15:32:00.879714	2016-06-30 18:10:59.240984
177	140	138	0	2016-06-23 15:32:00.879714	2016-06-30 18:10:59.240984
178	140	139	0	2016-06-23 15:32:00.879714	2016-06-30 18:10:59.240984
179	178	139	0	2016-06-23 15:32:00.879714	2016-06-30 18:10:59.240984
180	179	139	0	2016-06-23 15:32:00.879714	2016-06-30 18:10:59.240984
181	179	140	0	2016-06-23 15:32:00.879714	2016-06-30 18:10:59.240984
182	178	141	0	2016-06-23 15:32:00.879714	2016-06-30 18:10:59.240984
183	182	141	0	2016-06-23 15:32:00.879714	2016-06-30 18:10:59.240984
184	182	142	0	2016-06-23 15:32:00.879714	2016-06-30 18:10:59.240984
185	178	143	0	2016-06-23 15:32:00.879714	2016-06-30 18:10:59.240984
186	185	143	0	2016-06-23 15:32:00.879714	2016-06-30 18:10:59.240984
187	185	144	0	2016-06-23 15:32:00.879714	2016-06-30 18:10:59.240984
188	178	145	0	2016-06-23 15:32:00.879714	2016-06-30 18:10:59.240984
189	188	145	0	2016-06-23 15:32:00.879714	2016-06-30 18:10:59.240984
190	188	146	0	2016-06-23 15:32:00.879714	2016-06-30 18:10:59.240984
191	140	147	0	2016-06-23 15:32:00.879714	2016-06-30 18:10:59.240984
192	140	148	0	2016-06-23 15:32:00.879714	2016-06-30 18:10:59.240984
193	192	148	0	2016-06-23 15:32:00.879714	2016-06-30 18:10:59.240984
194	193	148	0	2016-06-23 15:32:00.879714	2016-06-30 18:10:59.240984
195	192	149	0	2016-06-23 15:32:00.879714	2016-06-30 18:10:59.240984
196	195	149	0	2016-06-23 15:32:00.879714	2016-06-30 18:10:59.240984
197	192	150	0	2016-06-23 15:32:00.879714	2016-06-30 18:10:59.240984
198	197	150	0	2016-06-23 15:32:00.879714	2016-06-30 18:10:59.240984
199	192	151	0	2016-06-23 15:32:00.879714	2016-06-30 18:10:59.240984
200	199	151	0	2016-06-23 15:32:00.879714	2016-06-30 18:10:59.240984
201	140	152	0	2016-06-23 15:32:00.879714	2016-06-30 18:10:59.240984
202	201	152	0	2016-06-23 15:32:00.879714	2016-06-30 18:10:59.240984
203	202	152	0	2016-06-23 15:32:00.879714	2016-06-30 18:10:59.240984
204	201	153	0	2016-06-23 15:32:00.879714	2016-06-30 18:10:59.240984
205	204	153	0	2016-06-23 15:32:00.879714	2016-06-30 18:10:59.240984
206	201	154	0	2016-06-23 15:32:00.879714	2016-06-30 18:10:59.240984
207	206	154	0	2016-06-23 15:32:00.879714	2016-06-30 18:10:59.240984
208	1	155	0	2016-06-23 15:32:00.879714	2016-06-30 18:10:59.240984
209	208	155	0	2016-06-23 15:32:00.879714	2016-06-30 18:10:59.240984
210	209	155	0	2016-06-23 15:32:00.879714	2016-06-30 18:10:59.240984
211	209	156	0	2016-06-23 15:32:00.879714	2016-06-30 18:10:59.240984
212	209	157	0	2016-06-23 15:32:00.879714	2016-06-30 18:10:59.240984
213	209	158	0	2016-06-23 15:32:00.879714	2016-06-30 18:10:59.240984
214	208	159	0	2016-06-23 15:32:00.879714	2016-06-30 18:10:59.240984
215	214	159	0	2016-06-23 15:32:00.879714	2016-06-30 18:10:59.240984
216	214	160	0	2016-06-23 15:32:00.879714	2016-06-30 18:10:59.240984
217	214	161	0	2016-06-23 15:32:00.879714	2016-06-30 18:10:59.240984
218	214	162	0	2016-06-23 15:32:00.879714	2016-06-30 18:10:59.240984
219	208	163	0	2016-06-23 15:32:00.879714	2016-06-30 18:10:59.240984
220	219	163	0	2016-06-23 15:32:00.879714	2016-06-30 18:10:59.240984
221	219	164	0	2016-06-23 15:32:00.879714	2016-06-30 18:10:59.240984
222	219	165	0	2016-06-23 15:32:00.879714	2016-06-30 18:10:59.240984
223	219	166	0	2016-06-23 15:32:00.879714	2016-06-30 18:10:59.240984
224	1	167	0	2016-06-23 15:32:00.879714	2016-06-30 18:10:59.240984
225	224	167	0	2016-06-23 15:32:00.879714	2016-06-30 18:10:59.240984
226	225	167	0	2016-06-23 15:32:00.879714	2016-06-30 18:10:59.240984
227	225	168	0	2016-06-23 15:32:00.879714	2016-06-30 18:10:59.240984
228	224	169	0	2016-06-23 15:32:00.879714	2016-06-30 18:10:59.240984
229	224	170	0	2016-06-23 15:32:00.879714	2016-06-30 18:10:59.240984
230	224	171	0	2016-06-23 15:32:00.879714	2016-06-30 18:10:59.240984
231	1	172	0	2016-06-23 15:32:00.879714	2016-06-30 18:10:59.240984
232	231	172	0	2016-06-23 15:32:00.879714	2016-06-30 18:10:59.240984
233	232	172	0	2016-06-23 15:32:00.879714	2016-06-30 18:10:59.240984
234	232	173	0	2016-06-23 15:32:00.879714	2016-06-30 18:10:59.240984
235	232	174	0	2016-06-23 15:32:00.879714	2016-06-30 18:10:59.240984
236	231	175	0	2016-06-23 15:32:00.879714	2016-06-30 18:10:59.240984
237	236	175	0	2016-06-23 15:32:00.879714	2016-06-30 18:10:59.240984
238	236	176	0	2016-06-23 15:32:00.879714	2016-06-30 18:10:59.240984
239	231	177	0	2016-06-23 15:32:00.879714	2016-06-30 18:10:59.240984
240	231	178	0	2016-06-23 15:32:00.879714	2016-06-30 18:10:59.240984
241	231	179	0	2016-06-23 15:32:00.879714	2016-06-30 18:10:59.240984
242	231	180	0	2016-06-23 15:32:00.879714	2016-06-30 18:10:59.240984
243	231	181	0	2016-06-23 15:32:00.879714	2016-06-30 18:10:59.240984
244	231	182	0	2016-06-23 15:32:00.879714	2016-06-30 18:10:59.240984
245	231	183	0	2016-06-23 15:32:00.879714	2016-06-30 18:10:59.240984
246	231	184	0	2016-06-23 15:32:00.879714	2016-06-30 18:10:59.240984
247	231	185	0	2016-06-23 15:32:00.879714	2016-06-30 18:10:59.240984
248	231	186	0	2016-06-23 15:32:00.879714	2016-06-30 18:10:59.240984
249	1	187	0	2016-06-23 15:32:00.879714	2016-06-30 18:10:59.240984
250	249	187	0	2016-06-23 15:32:00.879714	2016-06-30 18:10:59.240984
37	36	25	0	2016-06-23 15:32:00.879714	2016-06-30 18:10:59.240984
38	36	26	0	2016-06-23 15:32:00.879714	2016-06-30 18:10:59.240984
39	36	27	0	2016-06-23 15:32:00.879714	2016-06-30 18:10:59.240984
40	7	28	0	2016-06-23 15:32:00.879714	2016-06-30 18:10:59.240984
41	40	28	0	2016-06-23 15:32:00.879714	2016-06-30 18:10:59.240984
42	40	29	0	2016-06-23 15:32:00.879714	2016-06-30 18:10:59.240984
1	0	0	0	2016-06-23 15:32:00.879714	2016-06-30 18:10:59.240984
2	1	1	0	2016-06-23 15:32:00.879714	2016-06-30 18:10:59.240984
3	2	1	0	2016-06-23 15:32:00.879714	2016-06-30 18:10:59.240984
4	3	1	0	2016-06-23 15:32:00.879714	2016-06-30 18:10:59.240984
5	3	2	0	2016-06-23 15:32:00.879714	2016-06-30 18:10:59.240984
6	3	3	0	2016-06-23 15:32:00.879714	2016-06-30 18:10:59.240984
7	2	4	0	2016-06-23 15:32:00.879714	2016-06-30 18:10:59.240984
8	7	4	0	2016-06-23 15:32:00.879714	2016-06-30 18:10:59.240984
9	8	4	0	2016-06-23 15:32:00.879714	2016-06-30 18:10:59.240984
10	8	5	0	2016-06-23 15:32:00.879714	2016-06-30 18:10:59.240984
11	8	6	0	2016-06-23 15:32:00.879714	2016-06-30 18:10:59.240984
12	7	7	0	2016-06-23 15:32:00.879714	2016-06-30 18:10:59.240984
13	12	7	0	2016-06-23 15:32:00.879714	2016-06-30 18:10:59.240984
14	12	8	0	2016-06-23 15:32:00.879714	2016-06-30 18:10:59.240984
15	12	9	0	2016-06-23 15:32:00.879714	2016-06-30 18:10:59.240984
16	7	10	0	2016-06-23 15:32:00.879714	2016-06-30 18:10:59.240984
17	16	10	0	2016-06-23 15:32:00.879714	2016-06-30 18:10:59.240984
18	16	11	0	2016-06-23 15:32:00.879714	2016-06-30 18:10:59.240984
19	16	12	0	2016-06-23 15:32:00.879714	2016-06-30 18:10:59.240984
20	7	13	0	2016-06-23 15:32:00.879714	2016-06-30 18:10:59.240984
21	20	13	0	2016-06-23 15:32:00.879714	2016-06-30 18:10:59.240984
22	20	14	0	2016-06-23 15:32:00.879714	2016-06-30 18:10:59.240984
23	20	15	0	2016-06-23 15:32:00.879714	2016-06-30 18:10:59.240984
24	7	16	0	2016-06-23 15:32:00.879714	2016-06-30 18:10:59.240984
25	24	16	0	2016-06-23 15:32:00.879714	2016-06-30 18:10:59.240984
26	24	17	0	2016-06-23 15:32:00.879714	2016-06-30 18:10:59.240984
27	24	18	0	2016-06-23 15:32:00.879714	2016-06-30 18:10:59.240984
28	7	19	0	2016-06-23 15:32:00.879714	2016-06-30 18:10:59.240984
29	28	19	0	2016-06-23 15:32:00.879714	2016-06-30 18:10:59.240984
30	28	20	0	2016-06-23 15:32:00.879714	2016-06-30 18:10:59.240984
31	28	21	0	2016-06-23 15:32:00.879714	2016-06-30 18:10:59.240984
32	7	22	0	2016-06-23 15:32:00.879714	2016-06-30 18:10:59.240984
33	32	22	0	2016-06-23 15:32:00.879714	2016-06-30 18:10:59.240984
34	32	23	0	2016-06-23 15:32:00.879714	2016-06-30 18:10:59.240984
35	32	24	0	2016-06-23 15:32:00.879714	2016-06-30 18:10:59.240984
36	7	25	0	2016-06-23 15:32:00.879714	2016-06-30 18:10:59.240984
523	0	3	0	2016-06-23 15:32:03.140323	2016-06-27 17:16:14.211214
524	523	1	0	2016-06-23 15:32:03.140323	2016-06-27 17:16:14.211214
525	524	1	0	2016-06-23 15:32:03.140323	2016-06-27 17:16:14.211214
526	525	1	0	2016-06-23 15:32:03.140323	2016-06-27 17:16:14.211214
527	525	2	0	2016-06-23 15:32:03.140323	2016-06-27 17:16:14.211214
528	525	3	0	2016-06-23 15:32:03.140323	2016-06-27 17:16:14.211214
529	524	4	0	2016-06-23 15:32:03.140323	2016-06-27 17:16:14.211214
530	529	4	0	2016-06-23 15:32:03.140323	2016-06-27 17:16:14.211214
531	529	5	0	2016-06-23 15:32:03.140323	2016-06-27 17:16:14.211214
532	529	6	0	2016-06-23 15:32:03.140323	2016-06-27 17:16:14.211214
533	524	7	0	2016-06-23 15:32:03.140323	2016-06-27 17:16:14.211214
534	533	7	0	2016-06-23 15:32:03.140323	2016-06-27 17:16:14.211214
535	533	8	0	2016-06-23 15:32:03.140323	2016-06-27 17:16:14.211214
536	533	9	0	2016-06-23 15:32:03.140323	2016-06-27 17:16:14.211214
537	523	10	0	2016-06-23 15:32:03.140323	2016-06-27 17:16:14.211214
538	537	10	0	2016-06-23 15:32:03.140323	2016-06-27 17:16:14.211214
539	538	10	0	2016-06-23 15:32:03.140323	2016-06-27 17:16:14.211214
540	537	11	0	2016-06-23 15:32:03.140323	2016-06-27 17:16:14.211214
541	540	11	0	2016-06-23 15:32:03.140323	2016-06-27 17:16:14.211214
542	537	12	0	2016-06-23 15:32:03.140323	2016-06-27 17:16:14.211214
543	542	12	0	2016-06-23 15:32:03.140323	2016-06-27 17:16:14.211214
544	523	13	0	2016-06-23 15:32:03.140323	2016-06-27 17:16:14.211214
545	544	13	0	2016-06-23 15:32:03.140323	2016-06-27 17:16:14.211214
546	545	13	0	2016-06-23 15:32:03.140323	2016-06-27 17:16:14.211214
547	546	13	0	2016-06-23 15:32:03.140323	2016-06-27 17:16:14.211214
548	546	14	0	2016-06-23 15:32:03.140323	2016-06-27 17:16:14.211214
549	546	15	0	2016-06-23 15:32:03.140323	2016-06-27 17:16:14.211214
550	546	16	0	2016-06-23 15:32:03.140323	2016-06-27 17:16:14.211214
551	546	17	0	2016-06-23 15:32:03.140323	2016-06-27 17:16:14.211214
552	545	18	0	2016-06-23 15:32:03.140323	2016-06-27 17:16:14.211214
553	552	18	0	2016-06-23 15:32:03.140323	2016-06-27 17:16:14.211214
554	552	19	0	2016-06-23 15:32:03.140323	2016-06-27 17:16:14.211214
555	552	20	0	2016-06-23 15:32:03.140323	2016-06-27 17:16:14.211214
556	552	21	0	2016-06-23 15:32:03.140323	2016-06-27 17:16:14.211214
557	552	22	0	2016-06-23 15:32:03.140323	2016-06-27 17:16:14.211214
558	545	23	0	2016-06-23 15:32:03.140323	2016-06-27 17:16:14.211214
559	558	23	0	2016-06-23 15:32:03.140323	2016-06-27 17:16:14.211214
560	558	24	0	2016-06-23 15:32:03.140323	2016-06-27 17:16:14.211214
561	558	25	0	2016-06-23 15:32:03.140323	2016-06-27 17:16:14.211214
562	558	26	0	2016-06-23 15:32:03.140323	2016-06-27 17:16:14.211214
563	558	27	0	2016-06-23 15:32:03.140323	2016-06-27 17:16:14.211214
564	545	28	0	2016-06-23 15:32:03.140323	2016-06-27 17:16:14.211214
565	564	28	0	2016-06-23 15:32:03.140323	2016-06-27 17:16:14.211214
566	564	29	0	2016-06-23 15:32:03.140323	2016-06-27 17:16:14.211214
567	564	30	0	2016-06-23 15:32:03.140323	2016-06-27 17:16:14.211214
568	564	31	0	2016-06-23 15:32:03.140323	2016-06-27 17:16:14.211214
569	564	32	0	2016-06-23 15:32:03.140323	2016-06-27 17:16:14.211214
570	544	33	0	2016-06-23 15:32:03.140323	2016-06-27 17:16:14.211214
571	570	33	0	2016-06-23 15:32:03.140323	2016-06-27 17:16:14.211214
572	571	33	0	2016-06-23 15:32:03.140323	2016-06-27 17:16:14.211214
573	571	34	0	2016-06-23 15:32:03.140323	2016-06-27 17:16:14.211214
574	571	35	0	2016-06-23 15:32:03.140323	2016-06-27 17:16:14.211214
575	571	36	0	2016-06-23 15:32:03.140323	2016-06-27 17:16:14.211214
576	571	37	0	2016-06-23 15:32:03.140323	2016-06-27 17:16:14.211214
577	570	38	0	2016-06-23 15:32:03.140323	2016-06-27 17:16:14.211214
578	577	38	0	2016-06-23 15:32:03.140323	2016-06-27 17:16:14.211214
579	577	39	0	2016-06-23 15:32:03.140323	2016-06-27 17:16:14.211214
580	577	40	0	2016-06-23 15:32:03.140323	2016-06-27 17:16:14.211214
581	577	41	0	2016-06-23 15:32:03.140323	2016-06-27 17:16:14.211214
582	577	42	0	2016-06-23 15:32:03.140323	2016-06-27 17:16:14.211214
583	570	43	0	2016-06-23 15:32:03.140323	2016-06-27 17:16:14.211214
584	583	43	0	2016-06-23 15:32:03.140323	2016-06-27 17:16:14.211214
585	583	44	0	2016-06-23 15:32:03.140323	2016-06-27 17:16:14.211214
586	583	45	0	2016-06-23 15:32:03.140323	2016-06-27 17:16:14.211214
587	583	46	0	2016-06-23 15:32:03.140323	2016-06-27 17:16:14.211214
588	583	47	0	2016-06-23 15:32:03.140323	2016-06-27 17:16:14.211214
589	570	48	0	2016-06-23 15:32:03.140323	2016-06-27 17:16:14.211214
590	589	48	0	2016-06-23 15:32:03.140323	2016-06-27 17:16:14.211214
591	589	49	0	2016-06-23 15:32:03.140323	2016-06-27 17:16:14.211214
592	589	50	0	2016-06-23 15:32:03.140323	2016-06-27 17:16:14.211214
593	589	51	0	2016-06-23 15:32:03.140323	2016-06-27 17:16:14.211214
594	589	52	0	2016-06-23 15:32:03.140323	2016-06-27 17:16:14.211214
595	544	53	0	2016-06-23 15:32:03.140323	2016-06-27 17:16:14.211214
596	595	53	0	2016-06-23 15:32:03.140323	2016-06-27 17:16:14.211214
597	596	53	0	2016-06-23 15:32:03.140323	2016-06-27 17:16:14.211214
598	596	54	0	2016-06-23 15:32:03.140323	2016-06-27 17:16:14.211214
599	596	55	0	2016-06-23 15:32:03.140323	2016-06-27 17:16:14.211214
600	596	56	0	2016-06-23 15:32:03.140323	2016-06-27 17:16:14.211214
601	596	57	0	2016-06-23 15:32:03.140323	2016-06-27 17:16:14.211214
602	595	58	0	2016-06-23 15:32:03.140323	2016-06-27 17:16:14.211214
603	602	58	0	2016-06-23 15:32:03.140323	2016-06-27 17:16:14.211214
604	602	59	0	2016-06-23 15:32:03.140323	2016-06-27 17:16:14.211214
605	602	60	0	2016-06-23 15:32:03.140323	2016-06-27 17:16:14.211214
606	602	61	0	2016-06-23 15:32:03.140323	2016-06-27 17:16:14.211214
607	602	62	0	2016-06-23 15:32:03.140323	2016-06-27 17:16:14.211214
608	595	63	0	2016-06-23 15:32:03.140323	2016-06-27 17:16:14.211214
609	608	63	0	2016-06-23 15:32:03.140323	2016-06-27 17:16:14.211214
610	608	64	0	2016-06-23 15:32:03.140323	2016-06-27 17:16:14.211214
611	608	65	0	2016-06-23 15:32:03.140323	2016-06-27 17:16:14.211214
612	608	66	0	2016-06-23 15:32:03.140323	2016-06-27 17:16:14.211214
613	608	67	0	2016-06-23 15:32:03.140323	2016-06-27 17:16:14.211214
614	595	68	0	2016-06-23 15:32:03.140323	2016-06-27 17:16:14.211214
615	614	68	0	2016-06-23 15:32:03.140323	2016-06-27 17:16:14.211214
616	614	69	0	2016-06-23 15:32:03.140323	2016-06-27 17:16:14.211214
617	614	70	0	2016-06-23 15:32:03.140323	2016-06-27 17:16:14.211214
618	614	71	0	2016-06-23 15:32:03.140323	2016-06-27 17:16:14.211214
619	614	72	0	2016-06-23 15:32:03.140323	2016-06-27 17:16:14.211214
620	544	73	0	2016-06-23 15:32:03.140323	2016-06-27 17:16:14.211214
621	620	73	0	2016-06-23 15:32:03.140323	2016-06-27 17:16:14.211214
622	621	73	0	2016-06-23 15:32:03.140323	2016-06-27 17:16:14.211214
623	621	74	0	2016-06-23 15:32:03.140323	2016-06-27 17:16:14.211214
624	621	75	0	2016-06-23 15:32:03.140323	2016-06-27 17:16:14.211214
625	621	76	0	2016-06-23 15:32:03.140323	2016-06-27 17:16:14.211214
626	621	77	0	2016-06-23 15:32:03.140323	2016-06-27 17:16:14.211214
627	620	78	0	2016-06-23 15:32:03.140323	2016-06-27 17:16:14.211214
628	627	78	0	2016-06-23 15:32:03.140323	2016-06-27 17:16:14.211214
629	627	79	0	2016-06-23 15:32:03.140323	2016-06-27 17:16:14.211214
630	627	80	0	2016-06-23 15:32:03.140323	2016-06-27 17:16:14.211214
631	627	81	0	2016-06-23 15:32:03.140323	2016-06-27 17:16:14.211214
632	627	82	0	2016-06-23 15:32:03.140323	2016-06-27 17:16:14.211214
633	620	83	0	2016-06-23 15:32:03.140323	2016-06-27 17:16:14.211214
634	633	83	0	2016-06-23 15:32:03.140323	2016-06-27 17:16:14.211214
635	633	84	0	2016-06-23 15:32:03.140323	2016-06-27 17:16:14.211214
636	633	85	0	2016-06-23 15:32:03.140323	2016-06-27 17:16:14.211214
637	633	86	0	2016-06-23 15:32:03.140323	2016-06-27 17:16:14.211214
638	633	87	0	2016-06-23 15:32:03.140323	2016-06-27 17:16:14.211214
639	620	88	0	2016-06-23 15:32:03.140323	2016-06-27 17:16:14.211214
640	639	88	0	2016-06-23 15:32:03.140323	2016-06-27 17:16:14.211214
641	639	89	0	2016-06-23 15:32:03.140323	2016-06-27 17:16:14.211214
642	639	90	0	2016-06-23 15:32:03.140323	2016-06-27 17:16:14.211214
643	639	91	0	2016-06-23 15:32:03.140323	2016-06-27 17:16:14.211214
644	639	92	0	2016-06-23 15:32:03.140323	2016-06-27 17:16:14.211214
645	544	93	0	2016-06-23 15:32:03.140323	2016-06-27 17:16:14.211214
646	645	93	0	2016-06-23 15:32:03.140323	2016-06-27 17:16:14.211214
647	646	93	0	2016-06-23 15:32:03.140323	2016-06-27 17:16:14.211214
648	646	94	0	2016-06-23 15:32:03.140323	2016-06-27 17:16:14.211214
649	646	95	0	2016-06-23 15:32:03.140323	2016-06-27 17:16:14.211214
650	646	96	0	2016-06-23 15:32:03.140323	2016-06-27 17:16:14.211214
651	646	97	0	2016-06-23 15:32:03.140323	2016-06-27 17:16:14.211214
652	645	98	0	2016-06-23 15:32:03.140323	2016-06-27 17:16:14.211214
653	652	98	0	2016-06-23 15:32:03.140323	2016-06-27 17:16:14.211214
654	652	99	0	2016-06-23 15:32:03.140323	2016-06-27 17:16:14.211214
655	652	100	0	2016-06-23 15:32:03.140323	2016-06-27 17:16:14.211214
656	652	101	0	2016-06-23 15:32:03.140323	2016-06-27 17:16:14.211214
657	652	102	0	2016-06-23 15:32:03.140323	2016-06-27 17:16:14.211214
658	645	103	0	2016-06-23 15:32:03.140323	2016-06-27 17:16:14.211214
659	658	103	0	2016-06-23 15:32:03.140323	2016-06-27 17:16:14.211214
660	658	104	0	2016-06-23 15:32:03.140323	2016-06-27 17:16:14.211214
661	658	105	0	2016-06-23 15:32:03.140323	2016-06-27 17:16:14.211214
662	658	106	0	2016-06-23 15:32:03.140323	2016-06-27 17:16:14.211214
663	658	107	0	2016-06-23 15:32:03.140323	2016-06-27 17:16:14.211214
664	645	108	0	2016-06-23 15:32:03.140323	2016-06-27 17:16:14.211214
665	664	108	0	2016-06-23 15:32:03.140323	2016-06-27 17:16:14.211214
666	664	109	0	2016-06-23 15:32:03.140323	2016-06-27 17:16:14.211214
667	664	110	0	2016-06-23 15:32:03.140323	2016-06-27 17:16:14.211214
668	664	111	0	2016-06-23 15:32:03.140323	2016-06-27 17:16:14.211214
669	664	112	0	2016-06-23 15:32:03.140323	2016-06-27 17:16:14.211214
670	523	113	0	2016-06-23 15:32:03.140323	2016-06-27 17:16:14.211214
671	670	113	0	2016-06-23 15:32:03.140323	2016-06-27 17:16:14.211214
672	671	113	0	2016-06-23 15:32:03.140323	2016-06-27 17:16:14.211214
673	671	114	0	2016-06-23 15:32:03.140323	2016-06-27 17:16:14.211214
674	671	115	0	2016-06-23 15:32:03.140323	2016-06-27 17:16:14.211214
675	670	116	0	2016-06-23 15:32:03.140323	2016-06-27 17:16:14.211214
676	675	116	0	2016-06-23 15:32:03.140323	2016-06-27 17:16:14.211214
677	675	117	0	2016-06-23 15:32:03.140323	2016-06-27 17:16:14.211214
678	675	118	0	2016-06-23 15:32:03.140323	2016-06-27 17:16:14.211214
679	523	119	0	2016-06-23 15:32:03.140323	2016-06-27 17:16:14.211214
680	679	119	0	2016-06-23 15:32:03.140323	2016-06-27 17:16:14.211214
681	679	120	0	2016-06-23 15:32:03.140323	2016-06-27 17:16:14.211214
682	679	121	0	2016-06-23 15:32:03.140323	2016-06-27 17:16:14.211214
683	682	121	0	2016-06-23 15:32:03.140323	2016-06-27 17:16:14.211214
684	679	122	0	2016-06-23 15:32:03.140323	2016-06-27 17:16:14.211214
685	523	123	0	2016-06-23 15:32:03.140323	2016-06-27 17:16:14.211214
686	685	123	0	2016-06-23 15:32:03.140323	2016-06-27 17:16:14.211214
687	685	124	0	2016-06-23 15:32:03.140323	2016-06-27 17:16:14.211214
688	685	125	0	2016-06-23 15:32:03.140323	2016-06-27 17:16:14.211214
689	523	126	0	2016-06-23 15:32:03.140323	2016-06-27 17:16:14.211214
690	689	126	0	2016-06-23 15:32:03.140323	2016-06-27 17:16:14.211214
691	690	126	0	2016-06-23 15:32:03.140323	2016-06-27 17:16:14.211214
692	690	127	0	2016-06-23 15:32:03.140323	2016-06-27 17:16:14.211214
693	692	127	0	2016-06-23 15:32:03.140323	2016-06-27 17:16:14.211214
694	692	128	0	2016-06-23 15:32:03.140323	2016-06-27 17:16:14.211214
695	692	129	0	2016-06-23 15:32:03.140323	2016-06-27 17:16:14.211214
696	690	130	0	2016-06-23 15:32:03.140323	2016-06-27 17:16:14.211214
697	690	131	0	2016-06-23 15:32:03.140323	2016-06-27 17:16:14.211214
698	697	131	0	2016-06-23 15:32:03.140323	2016-06-27 17:16:14.211214
699	697	132	0	2016-06-23 15:32:03.140323	2016-06-27 17:16:14.211214
700	697	133	0	2016-06-23 15:32:03.140323	2016-06-27 17:16:14.211214
701	697	134	0	2016-06-23 15:32:03.140323	2016-06-27 17:16:14.211214
702	697	135	0	2016-06-23 15:32:03.140323	2016-06-27 17:16:14.211214
703	690	136	0	2016-06-23 15:32:03.140323	2016-06-27 17:16:14.211214
704	703	136	0	2016-06-23 15:32:03.140323	2016-06-27 17:16:14.211214
705	703	137	0	2016-06-23 15:32:03.140323	2016-06-27 17:16:14.211214
706	703	138	0	2016-06-23 15:32:03.140323	2016-06-27 17:16:14.211214
707	703	139	0	2016-06-23 15:32:03.140323	2016-06-27 17:16:14.211214
708	703	140	0	2016-06-23 15:32:03.140323	2016-06-27 17:16:14.211214
709	703	141	0	2016-06-23 15:32:03.140323	2016-06-27 17:16:14.211214
710	703	142	0	2016-06-23 15:32:03.140323	2016-06-27 17:16:14.211214
711	690	143	0	2016-06-23 15:32:03.140323	2016-06-27 17:16:14.211214
712	689	144	0	2016-06-23 15:32:03.140323	2016-06-27 17:16:14.211214
713	712	144	0	2016-06-23 15:32:03.140323	2016-06-27 17:16:14.211214
714	712	145	0	2016-06-23 15:32:03.140323	2016-06-27 17:16:14.211214
715	689	146	0	2016-06-23 15:32:03.140323	2016-06-27 17:16:14.211214
716	689	147	0	2016-06-23 15:32:03.140323	2016-06-27 17:16:14.211214
717	689	148	0	2016-06-23 15:32:03.140323	2016-06-27 17:16:14.211214
718	689	149	0	2016-06-23 15:32:03.140323	2016-06-27 17:16:14.211214
719	523	150	0	2016-06-23 15:32:03.140323	2016-06-27 17:16:14.211214
720	719	150	0	2016-06-23 15:32:03.140323	2016-06-27 17:16:14.211214
721	720	150	0	2016-06-23 15:32:03.140323	2016-06-27 17:16:14.211214
722	719	151	0	2016-06-23 15:32:03.140323	2016-06-27 17:16:14.211214
723	719	152	0	2016-06-23 15:32:03.140323	2016-06-27 17:16:14.211214
360	0	2	0	2016-06-23 15:32:02.381362	2016-07-01 15:17:14.760991
361	360	1	0	2016-06-23 15:32:02.381362	2016-07-01 15:17:14.760991
362	361	1	0	2016-06-23 15:32:02.381362	2016-07-01 15:17:14.760991
363	361	2	0	2016-06-23 15:32:02.381362	2016-07-01 15:17:14.760991
364	360	3	0	2016-06-23 15:32:02.381362	2016-07-01 15:17:14.760991
365	364	3	0	2016-06-23 15:32:02.381362	2016-07-01 15:17:14.760991
366	364	4	0	2016-06-23 15:32:02.381362	2016-07-01 15:17:14.760991
367	366	4	0	2016-06-23 15:32:02.381362	2016-07-01 15:17:14.760991
368	366	5	0	2016-06-23 15:32:02.381362	2016-07-01 15:17:14.760991
369	366	6	0	2016-06-23 15:32:02.381362	2016-07-01 15:17:14.760991
370	364	7	0	2016-06-23 15:32:02.381362	2016-07-01 15:17:14.760991
371	370	7	0	2016-06-23 15:32:02.381362	2016-07-01 15:17:14.760991
372	370	8	0	2016-06-23 15:32:02.381362	2016-07-01 15:17:14.760991
373	370	9	0	2016-06-23 15:32:02.381362	2016-07-01 15:17:14.760991
374	360	10	0	2016-06-23 15:32:02.381362	2016-07-01 15:17:14.760991
375	374	10	0	2016-06-23 15:32:02.381362	2016-07-01 15:17:14.760991
376	375	10	0	2016-06-23 15:32:02.381362	2016-07-01 15:17:14.760991
377	376	10	0	2016-06-23 15:32:02.381362	2016-07-01 15:17:14.760991
378	376	11	0	2016-06-23 15:32:02.381362	2016-07-01 15:17:14.760991
379	375	12	0	2016-06-23 15:32:02.381362	2016-07-01 15:17:14.760991
380	379	12	0	2016-06-23 15:32:02.381362	2016-07-01 15:17:14.760991
381	379	13	0	2016-06-23 15:32:02.381362	2016-07-01 15:17:14.760991
382	375	14	0	2016-06-23 15:32:02.381362	2016-07-01 15:17:14.760991
383	382	14	0	2016-06-23 15:32:02.381362	2016-07-01 15:17:14.760991
520	360	114	0	2016-06-23 15:32:02.381362	2016-07-01 15:17:14.760991
521	360	115	0	2016-06-23 15:32:02.381362	2016-07-01 15:17:14.760991
522	360	116	0	2016-06-23 15:32:02.381362	2016-07-01 15:17:14.760991
\.


--
-- Name: charac_id_seq; Type: SEQUENCE SET; Schema: public; Owner: arkeogis
--

SELECT pg_catalog.setval('charac_id_seq', 723, true);


--
-- Data for Name: charac_root; Type: TABLE DATA; Schema: public; Owner: arkeogis
--

COPY charac_root (root_charac_id, admin_group_id) FROM stdin;
251	21
523	23
1	20
360	22
\.


--
-- Data for Name: charac_tr; Type: TABLE DATA; Schema: public; Owner: arkeogis
--

COPY charac_tr (lang_isocode, charac_id, name, description) FROM stdin;
de	523	Befunde	
es	360	Producción	
fr	360	Production	Liste des termes génériques utilisés pour l'importation des bases de données. Pour certains termes des correspondances sont listées dans le manuel en ligne.
de	360	Produktion	
en	360	Production	
es	361	Agricultura	
fr	361	Agricole	
de	361	Landwirtschaft	
en	361	Agricultural	
fr	362	Grenier	
de	362	Speicher	
en	362	Barn	
es	362	Granero	
de	363	Silo	
en	363	Silo	
es	363	Silo	
fr	363	Silo	
es	364	Cerámica	
fr	364	Céramique	
de	364	Ton	
en	364	Ceramic	
fr	365	Extraction	
de	365	Abbau	
en	365	Extraction	
es	365	Extracción	
fr	366	Atelier	
de	366	Töpferei	
en	366	Workshop	
es	366	Taller	
es	367	Local	
fr	367	Local	
de	367	Lokal	
en	367	Local	
de	368	Regional	
en	368	Regional	
es	368	Regional	
fr	368	Régional	
es	369	Supraregional	
fr	369	Suprarégional	
de	369	Überregional	
en	369	Above regional	
en	370	Tiles' workshop	
es	370	Taller de barro cocido	
fr	370	Atelier de TCA	
de	370	Ziegelei	
de	371	Lokal	
en	371	Local	
es	371	Local	
fr	371	Local	
de	372	Regional	
en	372	Regional	
es	372	Regional	
fr	372	Régional	
en	373	Above regional	
es	373	Supraregional	
fr	373	Suprarégional	
de	373	Überregional	
de	374	Metall	
en	374	Metal	
es	374	Metal	
fr	374	Métal	
fr	375	Extraction	
de	375	Abbau	
en	375	Extraction	
es	375	Extracción	
fr	376	Fer	
de	376	Eisen	
en	376	Iron	
es	376	Hierro	
de	377	Lokal	
en	377	Local	
es	377	Local	
fr	377	Local	
es	378	Regional	
fr	378	Régional	
de	378	Regional	
en	378	Regional	
de	379	Silber	
en	379	Silver	
es	379	Plata	
fr	379	Argent	
fr	380	Local	
de	380	Lokal	
en	380	Local	
es	380	Local	
fr	381	Régional	
de	381	Regional	
en	381	Regional	
es	381	Regional	
en	382	Bronze	
es	382	Bronce	
fr	382	Bronze	
de	382	Bronze	
de	383	Lokal	
en	383	Local	
es	383	Local	
fr	383	Local	
de	384	Regional	
en	384	Regional	
es	384	Regional	
fr	384	Régional	
fr	385	Or	
de	385	Gold	
en	385	Gold	
es	385	Oro	
de	386	Lokal	
en	386	Local	
es	386	Local	
fr	386	Local	
de	387	Regional	
en	387	Regional	
es	387	Regional	
fr	387	Régional	
en	388	Copper	
es	388	Cobre	
fr	388	Cuivre	
de	388	Kupfer	
de	389	Lokal	
en	389	Local	
es	389	Local	
fr	389	Local	
en	390	Regional	
es	390	Regional	
fr	390	Régional	
de	390	Regional	
de	391	Anderes	
en	391	Others	
es	391	Otros	
fr	391	Autres	
de	392	Lokal	
en	392	Local	
es	392	Local	
fr	392	Local	
es	393	Regional	
fr	393	Régional	
de	393	Regional	
en	393	Regional	
de	394	Reduzierung	
en	394	Reduction	
es	394	Reducción	
fr	394	Réduction	
es	395	Hierro	
fr	395	Fer	
de	395	Eisen	
en	395	Iron	
de	396	Lokal	
en	396	Local	
es	396	Local	
fr	396	Local	
es	397	Regional	
fr	397	Régional	
de	397	Regional	
en	397	Regional	
es	398	Plata	
fr	398	Argent	
de	398	Silber	
en	398	Silver	
de	399	Lokal	
en	399	Local	
es	399	Local	
fr	399	Local	
es	400	Regional	
fr	400	Régional	
de	400	Regional	
en	400	Regional	
fr	401	Bronze	
de	401	Bronze	
en	401	Bronze	
es	401	Bronce	
es	402	Local	
fr	402	Local	
de	402	Lokal	
en	402	Local	
fr	403	Régional	
de	403	Regional	
en	403	Regional	
es	403	Regional	
en	404	Gold	
es	404	Oro	
fr	404	Or	
de	404	Gold	
en	405	Local	
es	405	Local	
fr	405	Local	
de	405	Lokal	
en	406	Regional	
es	406	Regional	
fr	406	Régional	
de	406	Regional	
de	407	Kupfer	
en	407	Copper	
es	407	Cobre	
fr	407	Cuivre	
de	408	Lokal	
en	408	Local	
es	408	Local	
fr	408	Local	
en	409	Regional	
es	409	Regional	
fr	409	Régional	
de	409	Regional	
de	410	Anderes	
en	410	Others	
es	410	Otros	
fr	410	Autres	
de	411	Lokal	
en	411	Local	
es	411	Local	
fr	411	Local	
en	412	Regional	
es	412	Regional	
fr	412	Régional	
de	412	Regional	
en	413	Forge	
es	413	Forja	
fr	413	Forge	
de	413	Schmiede	
de	414	Eisen	
en	414	Iron	
es	414	Hierro	
fr	414	Fer	
fr	415	Local	
de	415	Lokal	
en	415	Local	
es	415	Local	
es	416	Regional	
fr	416	Régional	
de	416	Regional	
en	416	Regional	
es	417	Plata	
fr	417	Argent	
de	417	Silber	
en	417	Silver	
es	418	Local	
fr	418	Local	
de	418	Lokal	
en	418	Local	
en	419	Regional	
es	419	Regional	
fr	419	Régional	
de	419	Regional	
de	420	Bronze	
en	420	Bronze	
es	420	Bronce	
fr	420	Bronze	
en	421	Local	
es	421	Local	
fr	421	Local	
de	421	Lokal	
en	422	Regional	
es	422	Regional	
fr	422	Régional	
de	422	Regional	
de	423	Gold	
en	423	Gold	
es	423	Oro	
fr	423	Or	
fr	424	Local	
de	424	Lokal	
en	424	Local	
es	424	Local	
es	425	Regional	
fr	425	Régional	
de	425	Regional	
en	425	Regional	
de	426	Kupfer	
en	426	Copper	
es	426	Cobre	
fr	426	Cuivre	
fr	427	Local	
de	427	Lokal	
en	427	Local	
es	427	Local	
en	428	Regional	
es	428	Regional	
fr	428	Régional	
de	428	Regional	
es	429	Otros	
fr	429	Autres	
de	429	Anderes	
en	429	Others	
de	430	Lokal	
en	430	Local	
es	430	Local	
fr	430	Local	
de	431	Regional	
en	431	Regional	
es	431	Regional	
fr	431	Régional	
en	432	Mint	
es	432	Taller monetario	
fr	432	Atelier monétaire	
de	432	Prägestätte	
en	433	Iron	
es	433	Hierro	
fr	433	Fer	
de	433	Eisen	
de	434	Lokal	
en	434	Local	
es	434	Local	
fr	434	Local	
de	435	Regional	
en	435	Regional	
es	435	Regional	
fr	435	Régional	
es	436	Plata	
fr	436	Argent	
de	436	Silber	
en	436	Silver	
de	437	Lokal	
en	437	Local	
es	437	Local	
fr	437	Local	
en	438	Regional	
es	438	Regional	
fr	438	Régional	
de	438	Regional	
en	439	Bronze	
es	439	Bronce	
fr	439	Bronze	
de	439	Bronze	
de	440	Lokal	
en	440	Local	
es	440	Local	
fr	440	Local	
de	441	Regional	
en	441	Regional	
es	441	Regional	
fr	441	Régional	
de	442	Gold	
en	442	Gold	
es	442	Oro	
fr	442	Or	
es	443	Local	
fr	443	Local	
de	443	Lokal	
en	443	Local	
en	444	Regional	
es	444	Regional	
fr	444	Régional	
de	444	Regional	
de	445	Kupfer	
en	445	Copper	
es	445	Cobre	
fr	445	Cuivre	
de	446	Lokal	
en	446	Local	
es	446	Local	
fr	446	Local	
de	447	Regional	
en	447	Regional	
es	447	Regional	
fr	447	Régional	
de	448	Anderes	
en	448	Others	
es	448	Otros	
fr	448	Autres	
de	449	Lokal	
en	449	Local	
es	449	Local	
fr	449	Local	
es	450	Regional	
fr	450	Régional	
de	450	Regional	
en	450	Regional	
es	451	Piedra	
fr	451	Pierre	
de	451	Stein	
en	451	Stone	
fr	452	Atelier	
de	452	Steinmetz	
en	452	Workshop	
es	452	Taller	
fr	453	Meule	
de	453	Mahlstein	
en	453	Millstone	
es	453	Muela	
de	454	Sandstein	
en	454	Sandstone	
es	454	Gres	
fr	454	Grès	
de	455	Kalkstein	
en	455	Limestone	
es	455	Piedra caliza	
fr	455	Calcaire	
de	456	Basalt	
en	456	Basalt	
es	456	Basalto	
fr	456	Basalte	
de	457	Rhyolith	
en	457	Rhyolith	
es	457	Riolita	
fr	457	Rhyolite	
es	458	Sílex	
fr	458	Silex	
de	458	Silex	
en	458	Flint	
de	459	Anderes	
en	459	Others	
es	459	Otros	
fr	459	Autres	
en	460	Architecture	
es	460	Arquitectura	
fr	460	Architecture	
de	460	Baustein	
fr	461	Grès	
de	461	Sandstein	
en	461	Sandstone	
es	461	Gres	
es	462	Piedra caliza	
fr	462	Calcaire	
de	462	Kalkstein	
en	462	Limestone	
de	463	Basalt	
en	463	Basalt	
es	463	Basalto	
fr	463	Basalte	
fr	464	Rhyolite	
de	464	Rhyolith	
en	464	Rhyolith	
es	464	Riolita	
de	465	Silex	
en	465	Flint	
es	465	Sílex	
fr	465	Silex	
de	466	Anderes	
en	466	Others	
es	466	Otros	
fr	466	Autres	
fr	467	Outils	
de	467	Werkzeug	
en	467	Tools	
es	467	Herramientas	
de	468	Sandstein	
en	468	Sandstone	
es	468	Gres	
fr	468	Grès	
de	469	Kalkstein	
en	469	Limestone	
es	469	Piedra caliza	
fr	469	Calcaire	
es	470	Basalto	
fr	470	Basalte	
de	470	Basalt	
en	470	Basalt	
de	471	Rhyolith	
en	471	Rhyolith	
es	471	Riolita	
fr	471	Rhyolite	
de	472	Silex	
en	472	Flint	
es	472	Sílex	
fr	472	Silex	
es	473	Otros	
fr	473	Autres	
de	473	Anderes	
en	473	Others	
de	474	Abbau	
en	474	Extraction	
es	474	Extracción	
fr	474	Extraction	
de	475	Mahlstein	
en	475	Millstone	
es	475	Muela	
fr	475	Meule	
de	476	Sandstein	
en	476	Sandstone	
es	476	Gres	
fr	476	Grès	
de	477	Kalkstein	
en	477	Limestone	
es	477	Piedra caliza	
fr	477	Calcaire	
de	478	Basalt	
en	478	Basalt	
es	478	Basalto	
fr	478	Basalte	
de	479	Rhyolith	
en	479	Rhyolith	
es	479	Riolita	
fr	479	Rhyolite	
fr	480	Silex	
de	480	Silex	
en	480	Flint	
es	480	Sílex	
es	481	Otros	
fr	481	Autres	
de	481	Anderes	
en	481	Others	
es	482	Arquitectura	
fr	482	Architecture	
de	482	Baustein	
en	482	Architecture	
fr	483	Grès	
de	483	Sandstein	
en	483	Sandstone	
es	483	Gres	
en	484	Limestone	
es	484	Piedra caliza	
fr	484	Calcaire	
de	484	Kalkstein	
es	485	Basalto	
fr	485	Basalte	
de	485	Basalt	
en	485	Basalt	
es	486	Riolita	
fr	486	Rhyolite	
de	486	Rhyolith	
en	486	Rhyolith	
de	487	Silex	
en	487	Flint	
es	487	Sílex	
fr	487	Silex	
en	488	Others	
es	488	Otros	
fr	488	Autres	
de	488	Anderes	
fr	489	Outils	
de	489	Werkzeug	
en	489	Tools	
es	489	Herramientas	
de	490	Sandstein	
en	490	Sandstone	
es	490	Gres	
fr	490	Grès	
en	491	Limestone	
es	491	Piedra caliza	
fr	491	Calcaire	
de	491	Kalkstein	
fr	492	Basalte	
de	492	Basalt	
en	492	Basalt	
es	492	Basalto	
de	493	Rhyolith	
en	493	Rhyolith	
es	493	Riolita	
fr	493	Rhyolite	
fr	494	Silex	
de	494	Silex	
en	494	Flint	
es	494	Sílex	
de	495	Anderes	
en	495	Others	
es	495	Otros	
fr	495	Autres	
de	496	Nicht dokumentiert	
en	496	Undocumented	
es	496	No documentado	
fr	496	Non renseigné	
en	497	Millstone	
es	497	Muela	
fr	497	Meule	
de	497	Mahlstein	
es	498	Gres	
fr	498	Grès	
de	498	Sandstein	
en	498	Sandstone	
es	499	Piedra caliza	
fr	499	Calcaire	
de	499	Kalkstein	
en	499	Limestone	
de	500	Basalt	
en	500	Basalt	
es	500	Basalto	
fr	500	Basalte	
fr	501	Rhyolite	
de	501	Rhyolith	
en	501	Rhyolith	
es	501	Riolita	
de	502	Silex	
en	502	Flint	
es	502	Sílex	
fr	502	Silex	
de	503	Anderes	
en	503	Others	
es	503	Otros	
fr	503	Autres	
es	504	Arquitectura	
fr	504	Architecture	
de	504	Baustein	
en	504	Architecture	
fr	505	Grès	
de	505	Sandstein	
en	505	Sandstone	
es	505	Gres	
en	506	Limestone	
es	506	Piedra caliza	
fr	506	Calcaire	
de	506	Kalkstein	
en	507	Basalt	
es	507	Basalto	
fr	507	Basalte	
de	507	Basalt	
es	508	Riolita	
fr	508	Rhyolite	
de	508	Rhyolith	
en	508	Rhyolith	
fr	509	Silex	
de	509	Silex	
en	509	Flint	
es	509	Sílex	
de	510	Anderes	
en	510	Others	
es	510	Otros	
fr	510	Autres	
de	511	Werkzeug	
en	511	Tools	
es	511	Herramientas	
fr	511	Outils	
es	512	Gres	
fr	512	Grès	
de	512	Sandstein	
en	512	Sandstone	
de	513	Kalkstein	
en	513	Limestone	
es	513	Piedra caliza	
fr	513	Calcaire	
fr	514	Basalte	
de	514	Basalt	
en	514	Basalt	
es	514	Basalto	
de	515	Rhyolith	
en	515	Rhyolith	
es	515	Riolita	
fr	515	Rhyolite	
de	516	Silex	
en	516	Flint	
es	516	Sílex	
fr	516	Silex	
fr	517	Autres	
de	517	Anderes	
en	517	Others	
es	517	Otros	
es	518	Cal	
fr	518	Chaux	
de	518	Kalk	
en	518	Lime	
fr	519	Charbon	
de	519	Kohle	
en	519	Coal	
es	519	Carbón	
de	520	Salz	
en	520	Salt	
es	520	Sal	
fr	520	Sel	
de	521	Glas	
en	521	Glass	
es	521	Vidrio	
fr	521	Verre	
de	522	Anderes	
en	522	Others	
es	522	Otros	
fr	522	Autres	
de	251	Umwelt	
fr	251	Paysage	
en	251	Landscape	
es	251	Paisaje	
fr	252	Diagnostic négatif	
de	252	Ergebnislose Bohrung	
en	252	Undecisive Diagnosis	
es	252	Diagnóstico negativo	
fr	253	Analyses	
de	253	Analysen	
en	253	Analysis	
es	253	Análisis	
fr	254	14C	
de	254	14C	
en	254	14C	
es	254	14C	
fr	255	Non renseigné	
de	255	Nicht dokumentiert	
en	255	Undocumented	
es	255	No documentado	
fr	256	Extrasite	
de	256	Ausserhalb einer Fundstelle	
en	256	Extra-site	
es	256	Fuera de yacimiento	
fr	257	Intrasite	
de	257	In einer Fundstelle	
en	257	Intra-site	
es	257	Dentro de yacimiento	
fr	258	Anthracologie	
de	258	Anthrakologie	
en	258	Anthracology	
es	258	Antracología	
fr	259	Non renseigné	
de	259	Nicht dokumentiert	
en	259	Undocumented	
es	259	No documentado	
fr	260	Extrasite	
de	260	Ausserhalb einer Fundstelle	
en	260	Extra-site	
es	260	Fuera de yacimiento	
fr	261	Intrasite	
de	261	In einer Fundstelle	
en	261	Intra-site	
es	261	Dentro de yacimiento	
fr	262	Anthropologie	
de	262	Anthropologie	
en	262	Anthropology	
es	262	Antropología	
fr	263	Non renseigné	
de	263	Nicht dokumentiert	
en	263	Undocumented	
es	263	No documentado	
fr	264	Extrasite	
de	264	Ausserhalb einer Fundstelle	
en	264	Extra-site	
es	264	Fuera de yacimiento	
fr	265	Intrasite	
de	265	In einer Fundstelle	
en	265	Intra-site	
es	265	Dentro de yacimiento	
fr	266	Carpologie	
de	266	Karpologie	
en	266	Carpology	
es	266	Carpología	
fr	267	Non renseigné	
de	267	Nicht dokumentiert	
en	267	Undocumented	
es	267	No documentado	
fr	268	Extrasite	
de	268	Ausserhalb einer Fundstelle	
en	268	Extra-site	
es	268	Fuera de yacimiento	
fr	269	Intrasite	
de	269	In einer Fundstelle	
en	269	Intra-site	
es	269	Dentro de yacimiento	
fr	270	Dendrochronologie	
de	270	Dendrochronologie	
en	270	Dendrochronology	
es	270	Dendrocronología	
fr	271	Non renseigné	
de	271	Nicht dokumentiert	
en	271	Undocumented	
es	271	No documentado	
fr	272	Extrasite	
de	272	Ausserhalb einer Fundstelle	
en	272	Extra-site	
es	272	Fuera de yacimiento	
fr	273	Intrasite	
de	273	In einer Fundstelle	
en	273	Intra-site	
es	273	Dentro de yacimiento	
fr	274	Entomologie	
de	274	Entomologie	
en	274	Entomology	
es	274	Entomología	
fr	275	Non renseigné	
de	275	Nicht dokumentiert	
en	275	Undocumented	
es	275	No documentado	
fr	276	Extrasite	
de	276	Ausserhalb einer Fundstelle	
en	276	Extra-site	
es	276	Fuera de yacimiento	
fr	277	Intrasite	
de	277	In einer Fundstelle	
en	277	Intra-site	
es	277	Dentro de yacimiento	
fr	278	Faune	
de	278	Fauna	
en	278	Fauna	
es	278	Fauna	
fr	279	Non renseigné	
de	279	Nicht dokumentiert	
en	279	Undocumented	
es	279	No documentado	
fr	280	Extrasite	
de	280	Ausserhalb einer Fundstelle	
en	280	Extra-site	
es	280	Fuera de yacimiento	
fr	281	Intrasite	
de	281	In einer Fundstelle	
en	281	Intra-site	
es	281	Dentro de yacimiento	
fr	282	Malacofaune	
de	282	Malacofauna	
en	282	Mollusc	
es	282	Malacofauna	
fr	283	Non renseigné	
de	283	Nicht dokumentiert	
en	283	Undocumented	
es	283	No documentado	
fr	284	Extrasite	
de	284	Ausserhalb einer Fundstelle	
en	284	Extra-site	
es	284	Fuera de yacimiento	
fr	285	Intrasite	
de	285	In einer Fundstelle	
en	285	Intra-site	
es	285	Dentro de yacimiento	
fr	286	Paléomagnetisme	
de	286	Paläomagnetik	
en	286	Paleomagnetism	
es	286	Paleomagnetismo	
fr	287	Non renseigné	
de	287	Nicht dokumentiert	
en	287	Undocumented	
es	287	No documentado	
fr	288	Extrasite	
de	288	Ausserhalb einer Fundstelle	
en	288	Extra-site	
es	288	Fuera de yacimiento	
fr	289	Intrasite	
de	289	In einer Fundstelle	
en	289	Intra-site	
es	289	Dentro de yacimiento	
fr	290	Palynologie	
de	290	Palynologie	
en	290	Palynology	
es	290	Palinología	
fr	291	Non renseigné	
de	291	Nicht dokumentiert	
en	291	Undocumented	
es	291	No documentado	
fr	292	Extrasite	
de	292	Ausserhalb einer Fundstelle	
en	292	Extra-site	
es	292	Fuera de yacimiento	
fr	293	Intrasite	
de	293	In einer Fundstelle	
en	293	Intra-site	
es	293	Dentro de yacimiento	
fr	294	Percolation des vases	
de	294	Perkolation der Keramik	
en	294	Ceramic's percolation	
es	294	Percolación cerámica	
fr	295	Non renseigné	
de	295	Nicht dokumentiert	
en	295	Undocumented	
es	295	No documentado	
fr	296	Extrasite	
de	296	Ausserhalb einer Fundstelle	
en	296	Extra-site	
es	296	Fuera de yacimiento	
fr	297	Intrasite	
de	297	In einer Fundstelle	
en	297	Intra-site	
es	297	Dentro de yacimiento	
fr	298	Phytolithes	
de	298	Phytolithes	
en	298	Phytoliths	
es	298	Fitolitos	
fr	299	Non renseigné	
de	299	Nicht dokumentiert	
en	299	Undocumented	
es	299	No documentado	
fr	300	Extrasite	
de	300	Ausserhalb einer Fundstelle	
en	300	Extra-site	
es	300	Fuera de yacimiento	
fr	301	Intrasite	
de	301	In einer Fundstelle	
en	301	Intra-site	
es	301	Dentro de yacimiento	
fr	302	Formation superficielle	
de	302	Boden	
en	302	Surficial geology	
es	302	Formación superficial	
fr	303	Analyses	
de	303	Analysen	
en	303	Analysis	
es	303	Analisis	
fr	304	Non renseigné	
de	304	Nicht dokumentiert	
en	304	Undocumented	
es	304	No documentado	
fr	305	Non renseigné	
de	305	Nicht dokumentiert	
en	305	Undocumented	
es	305	No documentado	
fr	306	Extrasite	
de	306	Ausserhalb einer Fundstelle	
en	306	Extra-site	
es	306	Fuera de yacimiento	
fr	307	Intrasite	
de	307	In einer Fundstelle	
en	307	Intra-site	
es	307	Dentro de yacimiento	
fr	308	Autres	
de	308	Andere	
en	308	Others	
es	308	Otros	
fr	309	Non renseigné	
de	309	Nicht dokumentiert	
en	309	Undocumented	
es	309	No documentado	
fr	310	Extrasite	
de	310	Ausserhalb einer Fundstelle	
en	310	Extra-site	
es	310	Fuera de yacimiento	
fr	311	Intrasite	
de	311	In einer Fundstelle	
en	311	Intra-site	
es	311	Dentro de yacimiento	
fr	312	Granulométrie	
de	312	Korngrößenverteilung	
en	312	Grain size	
es	312	Granulometría	
fr	313	Non renseigné	
de	313	Nicht dokumentiert	
en	313	Undocumented	
es	313	No documentado	
fr	314	Extrasite	
de	314	Ausserhalb einer Fundstelle	
en	314	Extra-site	
es	314	Fuera de yacimiento	
fr	315	Intrasite	
de	315	In einer Fundstelle	
en	315	Intra-site	
es	315	Dentro de yacimiento	
fr	316	Hydrologie	
de	316	Hydrologie	
en	316	Hydrology	
es	316	Hidrología	
fr	317	Non renseigné	
de	317	Nicht dokumentiert	
en	317	Undocumented	
es	317	No documentado	
fr	318	Extrasite	
de	318	Ausserhalb einer Fundstelle	
en	318	Extra-site	
es	318	Fuera de yacimiento	
fr	319	Intrasite	
de	319	In einer Fundstelle	
en	319	Intra-site	
es	319	Dentro de yacimiento	
fr	320	Pédologie	
de	320	Pedologie	
en	320	Soil Science	
es	320	Pedología	
fr	321	Non renseigné	
de	321	Nicht dokumentiert	
en	321	Undocumented	
es	321	No documentado	
fr	322	Extrasite	
de	322	Ausserhalb einer Fundstelle	
en	322	Extra-site	
es	322	Fuera de yacimiento	
fr	323	Intrasite	
de	323	In einer Fundstelle	
en	323	Intra-site	
es	323	Dentro de yacimiento	
fr	324	Phosphates	
de	324	Phosphaten	
en	324	Phosphates	
es	324	Fosfatos	
fr	325	Non renseigné	
de	325	Nicht dokumentiert	
en	325	Undocumented	
es	325	No documentado	
fr	326	Extrasite	
de	326	Ausserhalb einer Fundstelle	
en	326	Extra-site	
es	326	Fuera de yacimiento	
fr	327	Intrasite	
de	327	In einer Fundstelle	
en	327	Intra-site	
es	327	Dentro de yacimiento	
fr	328	Paléochenal daté	
de	328	Datierte Paläofahrrinne	
en	328	Dated paleochannel	
es	328	Paleocanal fechado	
fr	329	Non renseigné	
de	329	Nicht dokumentiert	
en	329	Undocumented	
es	329	No documentado	
fr	330	Extrasite	
de	330	Ausserhalb einer Fundstelle	
en	330	Extra-site	
es	330	Fuera de yacimiento	
fr	331	Intrasite	
de	331	In einer Fundstelle	
en	331	Intra-site	
es	331	Dentro de yacimiento	
fr	332	Paléosol	
de	332	Paläoboden	
en	332	Paleosoil	
es	332	Paleosuelo	
fr	333	Non renseigné	
de	333	Nicht dokumentiert	
en	333	Undocumented	
es	333	No documentado	
fr	334	Extrasite	
de	334	Ausserhalb einer Fundstelle	
en	334	Extra-site	
es	334	Fuera de yacimiento	
fr	335	Intrasite	
de	335	In einer Fundstelle	
en	335	Intra-site	
es	335	Dentro de yacimiento	
fr	336	Petrologie	
de	336	Petrologie	
en	336	Petrology	
es	336	Petrología	
fr	337	Non renseigné	
de	337	Nicht dokumentiert	
en	337	Undocumented	
es	337	No documentado	
fr	338	Extrasite	
de	338	Ausserhalb einer Fundstelle	
en	338	Extra-site	
es	338	Fuera de yacimiento	
fr	339	Intrasite	
de	339	In einer Fundstelle	
en	339	Intra-site	
es	339	Dentro de yacimiento	
fr	340	Sédimentologie	
de	340	Sedimentologie	
en	340	Sedimentology	
es	340	Sedimentología	
fr	341	Non renseigné	
de	341	Nicht dokumentiert	
en	341	Undocumented	
es	341	No documentado	
fr	342	Extrasite	
de	342	Ausserhalb einer Fundstelle	
en	342	Extra-site	
es	342	Fuera de yacimiento	
fr	343	Intrasite	
de	343	In einer Fundstelle	
en	343	Intra-site	
es	343	Dentro de yacimiento	
fr	344	Structure agraire	
de	344	Agrar	
en	344	Agrarian structure	
es	344	Estructura agraria	
fr	345	Indéterminé	
de	345	Unbestimmt	
en	345	Unknown	
es	345	Indeterminado	
fr	346	Crêtes de labours_Ackerberg	
de	346	Ackerberg	
en	346	Agricultural Ridge	
es	346	Cresta de labranza	
fr	347	Champ bombé	
de	347	Wölbacker	
en	347	Ridge and furrow	
es	347	Cresta y surco	
fr	348	Enclos	
de	348	Schanze	
en	348	Enclosure	
es	348	Recinto	
fr	349	Muret	
de	349	Trennmauer	
en	349	Low wall	
es	349	Muro bajo	
fr	350	Murger_Steinrudel	
de	350	SteinrudelÂ	
en	350	Murgers	
es	350	Pila de piedras	
fr	351	Non renseigné	
de	351	Nicht dokumentiert	
en	351	Undocumented	
es	351	No documentado	
fr	352	Autres	
de	352	Andere	
en	352	Others	
es	352	Otros	
fr	353	Calcaire	
de	353	Kalk	
en	353	Limestone	
es	353	Piedra caliza	
fr	354	Gneiss	
de	354	Gneis	
en	354	Gneiss	
es	354	Gneiss	
fr	355	Granite	
de	355	Granit	
en	355	Granit	
es	355	Granito	
fr	356	Grès	
de	356	Sandstein	
en	356	Sandstone	
es	356	Gres	
fr	357	Parcellaire fossile	
de	357	Altflur	
en	357	Fossilized land-plot	
es	357	Parcelario antiguo	
fr	358	Rideau de culture	
de	358	Terrassen Raine	
en	358	Steep field	
es	358	Terreno escarpado	
fr	359	Terrasse agricole	
de	359	Ackerterrasse	
en	359	Agricultural terraces	
es	359	Terraza agrícola	
fr	1	Mobilier	Liste des termes génériques utilisés pour l'importation des bases de données. Pour certains termes des correspondances sont listées dans le manuel en ligne.
de	1	Funde	
en	1	Furniture	
es	1	Mobiliario	
de	2	Keramik	
en	2	Ceramic	
es	2	Cerámica	
fr	2	Céramique	
de	3	Behälter	
en	3	Container	
es	3	Recipiente	
fr	3	Conteneur	
fr	4	Amphore	
de	4	Amphore	
en	4	Amphora	
es	4	Anfora	
fr	5	Dolium	
de	5	Dolium	
en	5	Dolium	
es	5	Dolium	
de	6	Anderes	
en	6	Others	
es	6	Otros	
fr	6	Autres	
de	7	Feinkeramik	
en	7	Cockery	
es	7	Vajilla	
fr	7	Vaisselle	
fr	8	Cruche	
de	8	Krug	
en	8	Jar	
es	8	Jarra	
es	9	Importación	
fr	9	Import	
de	9	Importware	
en	9	Import	
en	10	Local	
es	10	Local	
fr	10	Locale	
de	10	Lokale Ware	
de	11	Beide	
en	11	Both	
es	11	Ambos	
fr	11	Les deux	
fr	12	Coupe	
de	12	Schüssel	
en	12	Goblet	
es	12	Copa	
en	13	Import	
es	13	Importación	
fr	13	Import	
de	13	Importware	
de	14	Lokale Ware	
en	14	Local	
es	14	Local	
fr	14	Locale	
de	15	Beide	
en	15	Both	
es	15	Ambos	
fr	15	Les deux	
de	16	Urne	
en	16	Urn	
es	16	Urna	
fr	16	Urne	
de	17	Importware	
en	17	Import	
es	17	Importación	
fr	17	Import	
fr	18	Locale	
de	18	Lokale Ware	
en	18	Local	
es	18	Local	
fr	19	Les deux	
de	19	Beide	
en	19	Both	
es	19	Ambos	
de	20	Flasche	
en	20	Bottle	
es	20	Botella	
fr	20	Bouteille	
fr	21	Import	
de	21	Importware	
en	21	Import	
es	21	Importación	
en	22	Local	
es	22	Local	
fr	22	Locale	
de	22	Lokale Ware	
es	23	Ambos	
fr	23	Les deux	
de	23	Beide	
en	23	Both	
en	24	Lid	
es	24	Tapa	
fr	24	Couvercle	
de	24	Deckel	
fr	25	Import	
de	25	Importware	
en	25	Import	
es	25	Importación	
de	26	Lokale Ware	
en	26	Local	
es	26	Local	
fr	26	Locale	
de	27	Beide	
en	27	Both	
es	27	Ambos	
fr	27	Les deux	
de	28	Sieb	
en	28	Sieve	
es	28	Colador	
fr	28	Passoire	
es	29	Importación	
fr	29	Import	
de	29	Importware	
en	29	Import	
de	30	Lokale Ware	
en	30	Local	
es	30	Local	
fr	30	Locale	
fr	31	Les deux	
de	31	Beide	
en	31	Both	
es	31	Ambos	
es	32	Embudo	
fr	32	Entonnoir	
de	32	Trichter	
en	32	Funnel	
en	33	Import	
es	33	Importación	
fr	33	Import	
de	33	Importware	
de	34	Lokale Ware	
en	34	Local	
es	34	Local	
fr	34	Locale	
de	35	Beide	
en	35	Both	
es	35	Ambos	
fr	35	Les deux	
fr	36	Mortier	
de	36	Mörser	
en	36	Mortar	
es	36	Mortero	
de	37	Importware	
en	37	Import	
es	37	Importación	
fr	37	Import	
en	38	Local	
es	38	Local	
fr	38	Locale	
de	38	Lokale Ware	
en	39	Both	
es	39	Ambos	
fr	39	Les deux	
de	39	Beide	
de	40	Tasse	
en	40	Cup	
es	40	Taza	
fr	40	Tasse	
de	41	Importware	
en	41	Import	
es	41	Importación	
fr	41	Import	
de	42	Lokale Ware	
en	42	Local	
es	42	Local	
fr	42	Locale	
en	43	Both	
es	43	Ambos	
fr	43	Les deux	
de	43	Beide	
en	44	Plate	
es	44	Plato	
fr	44	Assiette	
de	44	Teller	
de	45	Importware	
en	45	Import	
es	45	Importación	
fr	45	Import	
fr	46	Locale	
de	46	Lokale Ware	
en	46	Local	
es	46	Local	
de	47	Beide	
en	47	Both	
es	47	Ambos	
fr	47	Les deux	
de	48	Miniaturgefässe	
en	48	Miniature pot	
es	48	Vaso miniatura	
fr	48	Microvase	
fr	49	Import	
de	49	Importware	
en	49	Import	
es	49	Importación	
de	50	Lokale Ware	
en	50	Local	
es	50	Local	
fr	50	Locale	
en	51	Both	
es	51	Ambos	
fr	51	Les deux	
de	51	Beide	
en	52	Others	
es	52	Otros	
fr	52	Autres	
de	52	Anderes	
de	53	Importware	
en	53	Import	
es	53	Importación	
fr	53	Import	
fr	54	Locale	
de	54	Lokale Ware	
en	54	Local	
es	54	Local	
es	55	Ambos	
fr	55	Les deux	
de	55	Beide	
en	55	Both	
de	56	Nicht dokumentiert	
en	56	Undocumented	
es	56	No documentado	
fr	56	Non renseigné	
en	57	Import	
es	57	Importación	
fr	57	Import	
de	57	Importware	
de	58	Lokale Ware	
en	58	Local	
es	58	Local	
fr	58	Locale	
en	59	Both	
es	59	Ambos	
fr	59	Les deux	
de	59	Beide	
es	60	Urna cineraria	
fr	60	Urne funéraire	
de	60	Graburne	
en	60	Funerary Urn	
es	61	Arquitectura de tierra cocida	
fr	61	Terres cuites architecturales	
de	61	Baumaterial	
en	61	Architectural Terra-cotta	
en	62	Tile	
es	62	Teja	
fr	62	Tuile	
de	62	Ziegel	
es	63	Inscripción	
fr	63	Inscription	
de	63	Inschrift	
en	63	Inscription	
es	64	Hipocausto	
fr	64	Hypocauste	
de	64	Hypocaust	
en	64	Hypocaust	
de	65	Inschrift	
en	65	Inscription	
es	65	Inscripción	
fr	65	Inscription	
en	66	Partition	
es	66	Separación	
fr	66	Cloison	
de	66	Trennwand	
en	67	Inscription	
es	67	Inscripción	
fr	67	Inscription	
de	67	Inschrift	
fr	68	Brique	
de	68	Backstein	
en	68	Brick	
es	68	Ladrillo	
es	69	Inscripción	
fr	69	Inscription	
de	69	Inschrift	
en	69	Inscription	
fr	70	Autres	
de	70	Anderes	
en	70	Others	
es	70	Otros	
en	71	Inscription	
es	71	Inscripción	
fr	71	Inscription	
de	71	Inschrift	
es	72	Ollas	
fr	72	Pots de poêle	
de	72	Ofentopf	
en	72	Stove pots	
de	73	Kachelofen	
en	73	Stove tiles	
es	73	Hogar	
fr	73	Carreaux de poêle	
fr	74	Autres	
de	74	Anderes	
en	74	Others	
es	74	Otros	
en	75	Statuette	
es	75	Estatuilla	
fr	75	Statuette	
de	75	Figur	
de	76	Lampe	
en	76	Lamp	
es	76	Lámpara	
fr	76	Lampe	
es	77	Textil	
fr	77	Textile	
de	77	Textil	
en	77	Textile	
fr	78	Parure	
de	78	Schmuck	
en	78	Jewellery	
es	78	Adorno	
de	79	Spiele	
en	79	Games	
es	79	Juegos	
fr	79	Jeux	
de	80	Spielstein	
en	80	Tokens	
es	80	Token	
fr	80	Jetons	
de	81	Feuerbock	
en	81	Andiron	
es	81	Morillo	
fr	81	Chenet	
fr	82	Balle de fronde	
de	82	Schleuderstein	
en	82	Sling	
es	82	Bala de honda	
en	83	Crucible	
es	83	Crisol	
fr	83	Creuset	
de	83	Tiegel	
de	84	Briquetage	
en	84	Briqueting	
es	84	Briquetas	
fr	84	Briquetage	
es	85	Quemador de perfumes	
fr	85	Brûle-parfum	
de	85	Räucherfass	
en	85	Perfume burner	
es	86	Metal	
fr	86	Métal	
de	86	Metall	
en	86	Metal	
de	87	Waffen Rüstungen	
en	87	Weaponry	
es	87	Armamento	
fr	87	Armement	
es	88	Casco	
fr	88	Casque	
de	88	Helm	
en	88	Helmet	
fr	89	Épée	
de	89	Schwert	
en	89	Sword	
es	89	Espada	
de	90	Lanze	
en	90	Spear	
es	90	Lanza	
fr	90	Lance	
en	91	Schield	
es	91	Escudo	
fr	91	Bouclier	
de	91	Schild	
en	92	Breastplate	
es	92	Coraza	
fr	92	Cuirasse	
de	92	Panzer	
de	93	Axt	
en	93	Axe	
es	93	Hacha	
fr	93	Hache	
es	94	Bala de honda	
fr	94	Balle de fronde	
de	94	Schleuderstein	
en	94	Sling	
de	95	Pfeilspitze	
en	95	Arrowhead	
es	95	Punta de flecha	
fr	95	Pointe de flèche	
en	96	Dagger	
es	96	Puñal	
fr	96	Poignard	
de	96	Dolch	
es	97	Otros	
fr	97	Autres	
de	97	Anderes	
en	97	Others	
de	98	Geschirr	
en	98	Cockery	
es	98	Vajilla	
fr	98	Vaisselle	
en	99	Harness	
es	99	Arreos	
fr	99	Harnachement	
de	99	Pferdegeschirr	
fr	100	Mors	
de	100	Gebiss	
en	100	Bit	
es	100	Bocado de caballo	
en	101	Buckles	
es	101	Hebillas	
fr	101	Passe-guides	
de	101	Führungsring	
fr	102	Hipposandale	
de	102	Hufschuh	
en	102	Horse-boot	
es	102	Hiposandalia	
de	103	Wagen	
en	103	Cart	
es	103	Carro	
fr	103	Char	
de	104	Münzen	
en	104	Coins	
es	104	Monedas	
fr	104	Monnaies	
en	105	Gold	
es	105	Oro	
fr	105	Or	
de	105	Gold	
de	106	Silber	
en	106	Silver	
es	106	Plata	
fr	106	Argent	
fr	107	Bronze	
de	107	Bronze	
en	107	Bronze	
es	107	Bronce	
es	108	Potin	
fr	108	Potin	
de	108	Potinmünze	
en	108	Pewter	
de	109	Electrum	
en	109	Electrum	
es	109	Electro	
fr	109	Electrum	
de	110	Plattiert	
en	110	Plated coin	
es	110	Moneda forrada	
fr	110	Monnaie fourrée	
de	111	Falschmünze	
en	111	Counterfeit currency	
es	111	Moneda falsa	
fr	111	Fausse monnaie	
de	112	Anderes	
en	112	Others	
es	112	Otros	
fr	112	Autres	
de	113	Tracht	
en	113	Jewellery	
es	113	Adorno	
fr	113	Parure	
de	114	Fibel	
en	114	Fibula	
es	114	Fíbula	
fr	114	Fibule	
en	115	Pin	
es	115	Alfiler	
fr	115	Épingle	
de	115	Nadel	
de	116	Ringförmig	
en	116	Armring	
es	116	Adorno anular	
fr	116	Parure annulaire	
de	117	Torques	
en	117	Torque	
es	117	Torques	
fr	117	Torque	
fr	118	Bracelet	
de	118	Armreif	
en	118	Bracelet	
es	118	Brazalete	
de	119	Ring	
en	119	Ring	
es	119	Anillo	
fr	119	Bague	
de	120	Beinreif	
en	120	Anklets	
es	120	Tobilleras	
fr	120	Anneau de cheville	
es	121	Cinturón	
fr	121	Ceinture	
de	121	Gürtel	
en	121	Belt	
fr	122	Pendeloque	
de	122	Gehänge	
en	122	Pendant	
es	122	Colgante	
de	123	Ohrring	
en	123	Earring	
es	123	Pendiente	
fr	123	Boucle d'oreille	
es	124	Otros	
fr	124	Autres	
de	124	Anderes	
en	124	Others	
es	125	Otros	
fr	125	Autres	
de	125	Anderes	
en	125	Others	
de	126	Barren	
en	126	Ingots	
es	126	Lingotes	
fr	126	Lingots	
de	127	Schlacke	
en	127	Slag	
es	127	Escorias	
fr	127	Scories	
fr	128	Statuette	
de	128	Figur	
en	128	Statuette	
es	128	Estatuilla	
es	129	Herramientas	
fr	129	Outils	
de	129	Werkzeug	
en	129	Tools	
en	130	Sickle	
es	130	Hoz	
fr	130	Faucille	
de	130	Sense	
de	131	Hammer	
en	131	Hammer	
es	131	Martillo	
fr	131	Marteau	
en	132	Axe	
es	132	Hacha	
fr	132	Hache	
de	132	Axt	
de	133	Messer	
en	133	Knife	
es	133	Cuchillo	
fr	133	Couteau	
de	134	Schere	
en	134	Schears	
es	134	Tenazas	
fr	134	Forces	
de	135	Nagel	
en	135	Nails	
es	135	Clavos	
fr	135	Clous	
de	136	Toilettenbesteck	
en	136	Toiletry	
es	136	Neceser de aseo	
fr	136	Toilette	
de	137	Gewicht	
en	137	Weights	
es	137	Pesas	
fr	137	Poids	
fr	138	Burin	
de	138	Meissel	
en	138	Cold chisel	
es	138	Buril	
en	139	Others	
es	139	Otros	
fr	139	Autres	
de	139	Anderes	
de	140	Stein	
en	140	Stone	
es	140	Lítico	
fr	140	Lithique	
de	141	Werkzeug	
en	141	Tools	
es	141	Herramientas	
fr	141	Outils	
de	142	Mahlstein	
en	142	Grinding	
es	142	Molienda	
fr	142	Mouture	
es	143	Gres	
fr	143	Grès	
de	143	Sandstein	
en	143	Sandstone	
de	144	Kalkstein	
en	144	Limestone	
es	144	Piedra caliza	
fr	144	Calcaire	
fr	145	Basalte	
de	145	Basalt	
en	145	Baslalt	
es	145	Basalto	
de	146	Rhyolith	
en	146	Rhyolith	
es	146	Riolita	
fr	146	Rhyolite	
es	147	Sílex	
fr	147	Silex	
de	147	Silex	
en	147	Flint	
es	148	Otros	
fr	148	Autres	
de	148	Anderes	
en	148	Others	
de	149	Axt	
en	149	Axe	
es	149	Hacha	
fr	149	Hache	
de	150	Sandstein	
en	150	Sandstone	
es	150	Gres	
fr	150	Grès	
de	151	Kalkstein	
en	151	Limestone	
es	151	Piedra caliza	
fr	151	Calcaire	
de	152	Basalt	
en	152	Baslalt	
es	152	Basalto	
fr	152	Basalte	
es	153	Riolita	
fr	153	Rhyolite	
de	153	Rhyolith	
en	153	Rhyolith	
de	154	Silex	
en	154	Flint	
es	154	Sílex	
fr	154	Silex	
de	155	Anderes	
en	155	Others	
es	155	Otros	
fr	155	Autres	
de	156	Kratzer	
en	156	Scraper	
es	156	Raspador	
fr	156	Racloir	
fr	157	Grès	
de	157	Sandstein	
en	157	Sandstone	
es	157	Gres	
de	158	Kalkstein	
en	158	Limestone	
es	158	Piedra caliza	
fr	158	Calcaire	
fr	159	Basalte	
de	159	Basalt	
en	159	Baslalt	
es	159	Basalto	
de	160	Rhyolith	
en	160	Rhyolith	
es	160	Riolita	
fr	160	Rhyolite	
es	161	Sílex	
fr	161	Silex	
de	161	Silex	
en	161	Flint	
de	162	Anderes	
en	162	Others	
es	162	Otros	
fr	162	Autres	
en	163	Polisher	
es	163	Pulidor	
fr	163	Polissoir	
de	163	Polierwerkzeug	
fr	164	Grès	
de	164	Sandstein	
en	164	Sandstone	
es	164	Gres	
de	165	Kalkstein	
en	165	Limestone	
es	165	Piedra caliza	
fr	165	Calcaire	
de	166	Basalt	
en	166	Baslalt	
es	166	Basalto	
fr	166	Basalte	
es	167	Riolita	
fr	167	Rhyolite	
de	167	Rhyolith	
en	167	Rhyolith	
de	168	Silex	
en	168	Flint	
es	168	Sílex	
fr	168	Silex	
de	169	Anderes	
en	169	Others	
es	169	Otros	
fr	169	Autres	
fr	170	Autres	
de	170	Anderes	
en	170	Others	
es	170	Otros	
es	171	Gres	
fr	171	Grès	
de	171	Sandstein	
en	171	Sandstone	
en	172	Limestone	
es	172	Piedra caliza	
fr	172	Calcaire	
de	172	Kalkstein	
es	173	Basalto	
fr	173	Basalte	
de	173	Basalt	
en	173	Baslalt	
es	174	Riolita	
fr	174	Rhyolite	
de	174	Rhyolith	
en	174	Rhyolith	
en	175	Flint	
es	175	Sílex	
fr	175	Silex	
de	175	Silex	
de	176	Anderes	
en	176	Others	
es	176	Otros	
fr	176	Autres	
fr	177	Armement	
de	177	Waffen	
en	177	Weaponry	
es	177	Armamento	
en	178	Architectural Stone	
es	178	Piedra de arquitectura	
fr	178	Bloc architectural	
de	178	Baustein	
de	179	Sandstein	
en	179	Sandstone	
es	179	Gres	
fr	179	Grès	
de	180	Inschrift	
en	180	Inscription	
es	180	Inscripción	
fr	180	Inscription	
de	181	Figürlich	
en	181	Decoration	
es	181	Decoración	
fr	181	Décor	
de	182	Kalkstein	
en	182	Limestone	
es	182	Piedra caliza	
fr	182	Calcaire	
en	183	Inscription	
es	183	Inscripción	
fr	183	Inscription	
de	183	Inschrift	
es	184	Decoración	
fr	184	Décor	
de	184	Figürlich	
en	184	Decoration	
fr	185	Marbre	
de	185	Marmor	
en	185	Marble	
es	185	Marmol	
de	186	Inschrift	
en	186	Inscription	
es	186	Inscripción	
fr	186	Inscription	
de	187	Figürlich	
en	187	Decoration	
es	187	Decoración	
fr	187	Décor	
fr	188	Autres	
de	188	Anderes	
en	188	Others	
es	188	Otros	
en	189	Inscription	
es	189	Inscripción	
fr	189	Inscription	
de	189	Inschrift	
de	190	Figürlich	
en	190	Decoration	
es	190	Decoración	
fr	190	Décor	
de	191	Mosaik	
en	191	Mosaic	
es	191	Mosaico	
fr	191	Mosaïque	
en	192	Statuary	
es	192	Estatua	
fr	192	Statuaire	
de	192	Statue	
de	193	Sandstein	
en	193	Sandstone	
es	193	Gres	
fr	193	Grès	
es	194	Inscripción	
fr	194	Inscription	
de	194	Inschrift	
en	194	Inscription	
de	195	Kalkstein	
en	195	Limestone	
es	195	Piedra caliza	
fr	195	Calcaire	
en	196	Inscription	
es	196	Inscripción	
fr	196	Inscription	
de	196	Inschrift	
en	197	Marble	
es	197	Marmol	
fr	197	Marbre	
de	197	Marmor	
de	198	Inschrift	
en	198	Inscription	
es	198	Inscripción	
fr	198	Inscription	
en	199	Others	
es	199	Otros	
fr	199	Autres	
de	199	Anderes	
en	200	Inscription	
es	200	Inscripción	
fr	200	Inscription	
de	200	Inschrift	
en	201	Others	
es	201	Otros	
fr	201	Autres	
de	201	Anderes	
en	202	Boundary Stone	
es	202	Hito de marca	
fr	202	Borne	
de	202	Meilenstein	
fr	203	Inscription	
de	203	Inschrift	
en	203	Inscription	
es	203	Inscripción	
de	204	Stele	
en	204	Stele	
es	204	Estela	
fr	204	Stèle	
de	205	Inschrift	
en	205	Inscription	
es	205	Inscripción	
fr	205	Inscription	
fr	206	Sarcophage	
de	206	Sarkophag	
en	206	Sarcophagus	
es	206	Sarcófago	
fr	207	Inscription	
de	207	Inschrift	
en	207	Inscription	
es	207	Inscripción	
es	208	Hueso	
fr	208	Os	
de	208	Knochen	
en	208	Bone	
de	209	Menschenknochen	
en	209	Human bones	
es	209	Huesos humanos	
fr	209	Ossements humains	
en	210	Marquetry	
es	210	Eborario	
fr	210	Tabletterie	
de	210	Knochenschnitzerei	
de	211	Werkzeug	
en	211	Tools	
es	211	Herramientas	
fr	211	Outils	
de	212	Schmuck	
en	212	Jewellery	
es	212	Adorno	
fr	212	Parure	
es	213	Otros	
fr	213	Autres	
de	213	Anderes	
en	213	Others	
de	214	Tierknochen	
en	214	Animal bones	
es	214	Huesos animales	
fr	214	Ossements animaux	
fr	215	Tabletterie	
de	215	Knochenschnitzerei	
en	215	Marquetry	
es	215	Eborario	
de	216	Werkzeug	
en	216	Tools	
es	216	Herramientas	
fr	216	Outils	
fr	217	Parure	
de	217	Schmuck	
en	217	Jewellery	
es	217	Adorno	
fr	218	Autres	
de	218	Anderes	
en	218	Others	
es	218	Otros	
de	219	Unbestimmt	
en	219	Unknown	
es	219	Indeterminado	
fr	219	Indéterminé	
en	220	Marquetry	
es	220	Eborario	
fr	220	Tabletterie	
de	220	Knochenschnitzerei	
es	221	Herramientas	
fr	221	Outils	
de	221	Werkzeug	
en	221	Tools	
de	222	Schmuck	
en	222	Jewellery	
es	222	Adorno	
fr	222	Parure	
en	223	Others	
es	223	Otros	
fr	223	Autres	
de	223	Anderes	
es	224	Vidrio	
fr	224	Verre	
de	224	Glas	
en	224	Glass	
de	225	Schmuck	
en	225	Jewellery	
es	225	Adorno	
fr	225	Parure	
de	226	Perle	
en	226	Pearl	
es	226	Perla	
fr	226	Perle	
de	227	Armreifen	
en	227	Bracelet	
es	227	Brazalete	
fr	227	Bracelet	
es	228	Vajilla	
fr	228	Vaisselle	
de	228	Geschirr	
en	228	Cockery	
de	229	Fensterglas	
en	229	Window	
es	229	Ventana	
fr	229	Vitre	
fr	230	Autres	
de	230	Anderes	
en	230	Others	
es	230	Otros	
fr	231	Végétal - organique	
de	231	Pflanzen - Organisches	
en	231	Vegetal - organic materials	
es	231	Vegetal - orgánico	
en	232	Watercraft	
es	232	Barco	
fr	232	Embarcation	
de	232	Wasserfahrzeug	
de	233	Barke	
en	233	Rowboat	
es	233	Barca	
fr	233	Barque	
de	234	Piroge	
en	234	Pirogue	
es	234	Piragua	
fr	234	Pirogue	
es	235	Buque	
fr	235	Navire	
de	235	Schiff	
en	235	Vessel	
de	236	Bauelement	
en	236	Building component	
es	236	Elemento de construcción	
fr	236	Élément de construction	
en	237	Casing	
es	237	Revestimiento	
fr	237	Cuvelage	
de	237	Schachtausbau	
de	238	Schindel	
en	238	Shingle	
es	238	Tablilla	
fr	238	Bardeau	
en	239	Furniture	
es	239	Mueble	
fr	239	Meuble	
de	239	Möbelstück	
en	240	Equipement	
es	240	Equipamiento	
fr	240	Équipement	
de	240	Ausrüstung	
de	241	Fass	
en	241	Barrel	
es	241	Barril	
fr	241	Tonneau	
de	242	Geschirr	
en	242	Cockery	
es	242	Vajilla	
fr	242	Vaisselle	
es	243	Herramientas	
fr	243	Outils	
de	243	Werkzeug	
en	243	Tools	
de	244	Korbware	
en	244	Wickerwork	
es	244	Cestería	
fr	244	Vannerie	
en	245	Rope	
es	245	Cuerda	
fr	245	Corde	
de	245	Seil	
es	246	Cuero	
fr	246	Cuir	
de	246	Leder	
en	246	Leather	
en	247	Textile	
es	247	Textil	
fr	247	Textile	
de	247	Textil	
de	248	Anderes	
en	248	Others	
es	248	Otros	
fr	248	Autres	
fr	249	Autres	
de	249	Anderes	
en	249	Others	
es	249	Otros	
de	250	Putz	
en	250	Coating	
es	250	Enlucido	
fr	250	Enduits	
en	523	Realestate	
es	523	Inmobiliario	
fr	523	Immobilier	Liste des termes génériques utilisés pour l'importation des bases de données. Pour certains termes des correspondances sont listées dans le manuel en ligne.
fr	524	Habitat	
de	524	Siedlung	
en	524	Settlement	
es	524	Habitat	
es	525	No documentado	
fr	525	Non renseigné	
de	525	Nicht dokumentiert	
en	525	Undocumented	
de	526	Unbestimmt	
en	526	Unknown	
es	526	Indeterminado	
fr	526	Indéterminé	
de	527	Schanze	
en	527	Entrenched	
es	527	Recinto	
fr	527	Enclos	
en	528	Unfenced	
es	528	Abierto	
fr	528	Ouvert	
de	528	Unbefestigt	
de	529	Dicht	
en	529	Dense	
es	529	Agrupado	
fr	529	Groupé	
de	530	Unbestimmt	
en	530	Unknown	
es	530	Indeterminado	
fr	530	Indéterminé	
de	531	Schanze	
en	531	Entrenched	
es	531	Recinto	
fr	531	Enclos	
fr	532	Ouvert	
de	532	Unbefestigt	
en	532	Unfenced	
es	532	Abierto	
fr	533	Isolé	
de	533	Alleinstehend	
en	533	Isolated	
es	533	Aislado	
en	534	Unknown	
es	534	Indeterminado	
fr	534	Indéterminé	
de	534	Unbestimmt	
es	535	Recinto	
fr	535	Enclos	
de	535	Schanze	
en	535	Entrenched	
fr	536	Ouvert	
de	536	Unbefestigt	
en	536	Unfenced	
es	536	Abierto	
en	537	Enclosure	
es	537	Recinto	
fr	537	Enceinte	
de	537	Befestigung	
en	538	Wall	
es	538	Muro	
fr	538	Mur	
de	538	Mauer	
es	539	Recinto	
fr	539	Enclos	
de	539	Schanze	
en	539	Entrenched	
en	540	Ditch	
es	540	Zanja	
fr	540	Fossé	
de	540	Graben	
fr	541	Enclos	
de	541	Schanze	
en	541	Entrenched	
es	541	Recinto	
fr	542	Fossé et Talus	
de	542	Graben und Böschung	
en	542	Ditch and bank	
es	542	Zanja y talud	
es	543	Recinto	
fr	543	Enclos	
de	543	Schanze	
en	543	Entrenched	
es	544	Funeraria	
fr	544	Funéraire	
de	544	Gräber	
en	544	Funerary	
en	545	Undocumented	
es	545	No documentado	
fr	545	Non renseigné	
de	545	Nicht dokumentiert	
de	546	Nicht dokumentiert	
en	546	Undocumented	
es	546	No documentado	
fr	546	Non renseigné	
es	547	Inhumación	
fr	547	Inhumation	
de	547	Leichengrab	
en	547	Burial	
es	548	Cremación	
fr	548	Crémation	
de	548	Brandgrab	
en	548	Cremation	
es	549	Embalsamamiento	
fr	549	Embaumement	
de	549	Einbalsamierung	
en	549	Embalming	
de	550	Entfleischung	
en	550	Excarnation	
es	550	Descarnamiento	
fr	550	Décharnement	
en	551	Others	
es	551	Otros	
fr	551	Autres	
de	551	Anderes	
es	552	Tumba en fosa	
fr	552	Tombe plate	
de	552	Flachgrab	
en	552	Flat grave	
en	553	Burial	
es	553	Inhumación	
fr	553	Inhumation	
de	553	Leichengrab	
fr	554	Crémation	
de	554	Brandgrab	
en	554	Cremation	
es	554	Cremación	
fr	555	Embaumement	
de	555	Einbalsamierung	
en	555	Embalming	
es	555	Embalsamamiento	
de	556	Entfleischung	
en	556	Excarnation	
es	556	Descarnamiento	
fr	556	Décharnement	
de	557	Anderes	
en	557	Others	
es	557	Otros	
fr	557	Autres	
de	558	Grabdenkmal	
en	558	Funerary monument	
es	558	Monumento funerario	
fr	558	Monument funéraire	
en	559	Burial	
es	559	Inhumación	
fr	559	Inhumation	
de	559	Leichengrab	
en	560	Cremation	
es	560	Cremación	
fr	560	Crémation	
de	560	Brandgrab	
de	561	Einbalsamierung	
en	561	Embalming	
es	561	Embalsamamiento	
fr	561	Embaumement	
en	562	Excarnation	
es	562	Descarnamiento	
fr	562	Décharnement	
de	562	Entfleischung	
fr	563	Autres	
de	563	Anderes	
en	563	Others	
es	563	Otros	
es	564	Recinto funerario	
fr	564	Enclos funéraire	
de	564	Grabbezirk	
en	564	Grave precinct	
de	565	Leichengrab	
en	565	Burial	
es	565	Inhumación	
fr	565	Inhumation	
fr	566	Crémation	
de	566	Brandgrab	
en	566	Cremation	
es	566	Cremación	
es	567	Embalsamamiento	
fr	567	Embaumement	
de	567	Einbalsamierung	
en	567	Embalming	
fr	568	Décharnement	
de	568	Entfleischung	
en	568	Excarnation	
es	568	Descarnamiento	
de	569	Anderes	
en	569	Others	
es	569	Otros	
fr	569	Autres	
de	570	Einzelner Grab	
en	570	Isolated Grave	
es	570	Tumba aislada	
fr	570	Tombe isolée	
es	571	No documentado	
fr	571	Non renseigné	
de	571	Nicht dokumentiert	
en	571	Undocumented	
es	572	Inhumación	
fr	572	Inhumation	
de	572	Leichengrab	
en	572	Burial	
es	573	Cremación	
fr	573	Crémation	
de	573	Brandgrab	
en	573	Cremation	
en	574	Embalming	
es	574	Embalsamamiento	
fr	574	Embaumement	
de	574	Einbalsamierung	
es	575	Descarnamiento	
fr	575	Décharnement	
de	575	Entfleischung	
en	575	Excarnation	
de	576	Anderes	
en	576	Others	
es	576	Otros	
fr	576	Autres	
de	577	Flachgrab	
en	577	Flat grave	
es	577	Tumba en fosa	
fr	577	Tombe plate	
fr	578	Inhumation	
de	578	Leichengrab	
en	578	Burial	
es	578	Inhumación	
es	579	Cremación	
fr	579	Crémation	
de	579	Brandgrab	
en	579	Cremation	
de	580	Einbalsamierung	
en	580	Embalming	
es	580	Embalsamamiento	
fr	580	Embaumement	
de	581	Entfleischung	
en	581	Excarnation	
es	581	Descarnamiento	
fr	581	Décharnement	
es	582	Otros	
fr	582	Autres	
de	582	Anderes	
en	582	Others	
fr	583	Monument funéraire	
de	583	Grabdenkmal	
en	583	Funerary monument	
es	583	Monumento funerario	
en	584	Burial	
es	584	Inhumación	
fr	584	Inhumation	
de	584	Leichengrab	
es	585	Cremación	
fr	585	Crémation	
de	585	Brandgrab	
en	585	Cremation	
es	586	Embalsamamiento	
fr	586	Embaumement	
de	586	Einbalsamierung	
en	586	Embalming	
de	587	Entfleischung	
en	587	Excarnation	
es	587	Descarnamiento	
fr	587	Décharnement	
es	588	Otros	
fr	588	Autres	
de	588	Anderes	
en	588	Others	
de	589	Grabbezirk	
en	589	Grave precinct	
es	589	Recinto funerario	
fr	589	Enclos funéraire	
en	590	Burial	
es	590	Inhumación	
fr	590	Inhumation	
de	590	Leichengrab	
es	591	Cremación	
fr	591	Crémation	
de	591	Brandgrab	
en	591	Cremation	
en	592	Embalming	
es	592	Embalsamamiento	
fr	592	Embaumement	
de	592	Einbalsamierung	
en	593	Excarnation	
es	593	Descarnamiento	
fr	593	Décharnement	
de	593	Entfleischung	
de	594	Anderes	
en	594	Others	
es	594	Otros	
fr	594	Autres	
es	595	Tumba colectiva	
fr	595	Tombe collective	
de	595	Gemeinschaftsgrab	
en	595	Collective grave	
fr	596	Non renseigné	
de	596	Nicht dokumentiert	
en	596	Undocumented	
es	596	No documentado	
de	597	Leichengrab	
en	597	Burial	
es	597	Inhumación	
fr	597	Inhumation	
es	598	Cremación	
fr	598	Crémation	
de	598	Brandgrab	
en	598	Cremation	
es	599	Embalsamamiento	
fr	599	Embaumement	
de	599	Einbalsamierung	
en	599	Embalming	
en	600	Excarnation	
es	600	Descarnamiento	
fr	600	Décharnement	
de	600	Entfleischung	
en	601	Others	
es	601	Otros	
fr	601	Autres	
de	601	Anderes	
es	602	Tumba en fosa	
fr	602	Tombe plate	
de	602	Flachgrab	
en	602	Flat grave	
es	603	Inhumación	
fr	603	Inhumation	
de	603	Leichengrab	
en	603	Burial	
fr	604	Crémation	
de	604	Brandgrab	
en	604	Cremation	
es	604	Cremación	
de	605	Einbalsamierung	
en	605	Embalming	
es	605	Embalsamamiento	
fr	605	Embaumement	
es	606	Descarnamiento	
fr	606	Décharnement	
de	606	Entfleischung	
en	606	Excarnation	
es	607	Otros	
fr	607	Autres	
de	607	Anderes	
en	607	Others	
de	608	Grabdenkmal	
en	608	Funerary monument	
es	608	Monumento funerario	
fr	608	Monument funéraire	
de	609	Leichengrab	
en	609	Burial	
es	609	Inhumación	
fr	609	Inhumation	
es	610	Cremación	
fr	610	Crémation	
de	610	Brandgrab	
en	610	Cremation	
de	611	Einbalsamierung	
en	611	Embalming	
es	611	Embalsamamiento	
fr	611	Embaumement	
de	612	Entfleischung	
en	612	Excarnation	
es	612	Descarnamiento	
fr	612	Décharnement	
en	613	Others	
es	613	Otros	
fr	613	Autres	
de	613	Anderes	
fr	614	Enclos funéraire	
de	614	Grabbezirk	
en	614	Grave precinct	
es	614	Recinto funerario	
de	615	Leichengrab	
en	615	Burial	
es	615	Inhumación	
fr	615	Inhumation	
de	616	Brandgrab	
en	616	Cremation	
es	616	Cremación	
fr	616	Crémation	
es	617	Embalsamamiento	
fr	617	Embaumement	
de	617	Einbalsamierung	
en	617	Embalming	
de	618	Entfleischung	
en	618	Excarnation	
es	618	Descarnamiento	
fr	618	Décharnement	
de	619	Anderes	
en	619	Others	
es	619	Otros	
fr	619	Autres	
en	620	Necropolis	
es	620	Necrópolis	
fr	620	Nécropole	
de	620	Gräberfeld	
de	621	Nicht dokumentiert	
en	621	Undocumented	
es	621	No documentado	
fr	621	Non renseigné	
fr	622	Inhumation	
de	622	Leichengrab	
en	622	Burial	
es	622	Inhumación	
de	623	Brandgrab	
en	623	Cremation	
es	623	Cremación	
fr	623	Crémation	
de	624	Einbalsamierung	
en	624	Embalming	
es	624	Embalsamamiento	
fr	624	Embaumement	
en	625	Excarnation	
es	625	Descarnamiento	
fr	625	Décharnement	
de	625	Entfleischung	
de	626	Anderes	
en	626	Others	
es	626	Otros	
fr	626	Autres	
en	627	Flat grave	
es	627	Tumba en fosa	
fr	627	Tombe plate	
de	627	Flachgrab	
de	628	Leichengrab	
en	628	Burial	
es	628	Inhumación	
fr	628	Inhumation	
fr	629	Crémation	
de	629	Brandgrab	
en	629	Cremation	
es	629	Cremación	
de	630	Einbalsamierung	
en	630	Embalming	
es	630	Embalsamamiento	
fr	630	Embaumement	
de	631	Entfleischung	
en	631	Excarnation	
es	631	Descarnamiento	
fr	631	Décharnement	
es	632	Otros	
fr	632	Autres	
de	632	Anderes	
en	632	Others	
de	633	Grabdenkmal	
en	633	Funerary monument	
es	633	Monumento funerario	
fr	633	Monument funéraire	
fr	634	Inhumation	
de	634	Leichengrab	
en	634	Burial	
es	634	Inhumación	
en	635	Cremation	
es	635	Cremación	
fr	635	Crémation	
de	635	Brandgrab	
de	636	Einbalsamierung	
en	636	Embalming	
es	636	Embalsamamiento	
fr	636	Embaumement	
de	637	Entfleischung	
en	637	Excarnation	
es	637	Descarnamiento	
fr	637	Décharnement	
de	638	Anderes	
en	638	Others	
es	638	Otros	
fr	638	Autres	
en	639	Grave precinct	
es	639	Recinto funerario	
fr	639	Enclos funéraire	
de	639	Grabbezirk	
fr	640	Inhumation	
de	640	Leichengrab	
en	640	Burial	
es	640	Inhumación	
en	641	Cremation	
es	641	Cremación	
fr	641	Crémation	
de	641	Brandgrab	
de	642	Einbalsamierung	
en	642	Embalming	
es	642	Embalsamamiento	
fr	642	Embaumement	
de	643	Entfleischung	
en	643	Excarnation	
es	643	Descarnamiento	
fr	643	Décharnement	
es	644	Otros	
fr	644	Autres	
de	644	Anderes	
en	644	Others	
en	645	Mass grave	
es	645	Fosa común	
fr	645	Charnier	
de	645	Massengrab	
de	646	Nicht dokumentiert	
en	646	Undocumented	
es	646	No documentado	
fr	646	Non renseigné	
de	647	Leichengrab	
en	647	Burial	
es	647	Inhumación	
fr	647	Inhumation	
en	648	Cremation	
es	648	Cremación	
fr	648	Crémation	
de	648	Brandgrab	
fr	649	Embaumement	
de	649	Einbalsamierung	
en	649	Embalming	
es	649	Embalsamamiento	
de	650	Entfleischung	
en	650	Excarnation	
es	650	Descarnamiento	
fr	650	Décharnement	
es	651	Otros	
fr	651	Autres	
de	651	Anderes	
en	651	Others	
de	652	Flachgrab	
en	652	Flat grave	
es	652	Tumba en fosa	
fr	652	Tombe plate	
de	653	Leichengrab	
en	653	Burial	
es	653	Inhumación	
fr	653	Inhumation	
de	654	Brandgrab	
en	654	Cremation	
es	654	Cremación	
fr	654	Crémation	
de	655	Einbalsamierung	
en	655	Embalming	
es	655	Embalsamamiento	
fr	655	Embaumement	
de	656	Entfleischung	
en	656	Excarnation	
es	656	Descarnamiento	
fr	656	Décharnement	
es	657	Otros	
fr	657	Autres	
de	657	Anderes	
en	657	Others	
fr	658	Monument funéraire	
de	658	Grabdenkmal	
en	658	Funerary monument	
es	658	Monumento funerario	
es	659	Inhumación	
fr	659	Inhumation	
de	659	Leichengrab	
en	659	Burial	
de	660	Brandgrab	
en	660	Cremation	
es	660	Cremación	
fr	660	Crémation	
es	661	Embalsamamiento	
fr	661	Embaumement	
de	661	Einbalsamierung	
en	661	Embalming	
de	662	Entfleischung	
en	662	Excarnation	
es	662	Descarnamiento	
fr	662	Décharnement	
de	663	Anderes	
en	663	Others	
es	663	Otros	
fr	663	Autres	
en	664	Grave precinct	
es	664	Recinto funerario	
fr	664	Enclos funéraire	
de	664	Grabbezirk	
de	665	Leichengrab	
en	665	Burial	
es	665	Inhumación	
fr	665	Inhumation	
fr	666	Crémation	
de	666	Brandgrab	
en	666	Cremation	
es	666	Cremación	
de	667	Einbalsamierung	
en	667	Embalming	
es	667	Embalsamamiento	
fr	667	Embaumement	
es	668	Descarnamiento	
fr	668	Décharnement	
de	668	Entfleischung	
en	668	Excarnation	
fr	669	Autres	
de	669	Anderes	
en	669	Others	
es	669	Otros	
de	670	Kult	
en	670	Ritual	
es	670	Ritual	
fr	670	Rituel	
en	671	Religious building	
es	671	Edificio religioso	
fr	671	Édifice religieux	
de	671	Kultgebäude	
de	672	Wasserlauf	
en	672	Stream	
es	672	Curso de agua	
fr	672	Cours d'eau	
en	673	Cave	
es	673	Cueva	
fr	673	Grotte	
de	673	Höhle	
es	674	Fuente	
fr	674	Source	
de	674	Quelle	
en	674	Spring	
de	675	Anderes	
en	675	Others	
es	675	Otros	
fr	675	Autres	
en	676	Stream	
es	676	Curso de agua	
fr	676	Cours d'eau	
de	676	Wasserlauf	
es	677	Cueva	
fr	677	Grotte	
de	677	Höhle	
en	677	Cave	
de	678	Quelle	
en	678	Spring	
es	678	Fuente	
fr	678	Source	
de	679	Verkehr	
en	679	Circulation	
es	679	Circulación	
fr	679	Circulation	
de	680	Furth	
en	680	Ford	
es	680	Cruce de rio	
fr	680	Gué	
es	681	Puente	
fr	681	Pont	
de	681	Brücke	
en	681	Bridge	
en	682	Pathway	
es	682	Vía	
fr	682	Voie	
de	682	Wege	
en	683	Slope	
es	683	Cuesta	
fr	683	Pente aménagée	
de	683	Steige	
es	684	Muelle	
fr	684	Quai	
de	684	Kai	
en	684	Embankement	
en	685	Hoard	
es	685	Depósito	
fr	685	Dépôt	
de	685	Hort	
en	686	Coins	
es	686	Monedas	
fr	686	Monnaies	
de	686	Münzen	
de	687	Metall	
en	687	Metal	
es	687	Metal	
fr	687	Métal	
de	688	Nicht Metall	
en	688	Non-metallic	
es	688	No metálico	
fr	688	Non métallique	
en	689	Hydraulic arrangement	
es	689	Ordenación hidráulica	
fr	689	Aménagement hydraulique	
de	689	Wasser	
en	690	Procurement	
es	690	Abastecimiento	
fr	690	Approvisionnement	
de	690	Versorgung	
de	691	Quelle	
en	691	Spring	
es	691	Fuente natural	
fr	691	Source	
de	692	Brunnen	
en	692	Well	
es	692	Pozo	
fr	692	Puits	
de	693	Rund	
en	693	Round	
es	693	Circular	
fr	693	Rond	
de	694	Viereckig	
en	694	Square	
es	694	Cuadrado	
fr	694	Carré	
de	695	Kanal	
en	695	Canal	
es	695	Canal	
fr	695	Canal	
de	696	Fontäne	
en	696	Fountain	
es	696	Fuente	
fr	696	Fontaine	
de	697	Wasserversorgung	
en	697	Adduction	
es	697	Transporte de agua	
fr	697	Adduction	
de	698	Aquädukt	
en	698	Aqueduct	
es	698	Acueducto	
fr	698	Aqueduc	
es	699	Qanat	
fr	699	Qanat	
de	699	Qanat	
en	699	Qanat	
fr	700	Canal	
de	700	Kanal	
en	700	Canal	
es	700	Canal	
fr	701	Canalisation	
de	701	Kanalisierung	
en	701	Pipes	
es	701	Canalización	
de	702	Anderes	
en	702	Others	
es	702	Otros	
fr	702	Autres	
en	703	Storage	
es	703	Almacenamiento	
fr	703	Stockage	
de	703	Wasservorratshaltung	
es	704	Tanque	
fr	704	Réservoir	
de	704	Wasserspeicher	
en	704	Tank	
fr	705	Citerne	
de	705	Zisterne	
en	705	Cistern	
es	705	Cisterna	
de	706	Becken	
en	706	Basin	
es	706	Estanque	
fr	706	Bassin	
de	707	Damm	
en	707	Dike	
es	707	Dique	
fr	707	Digue	
fr	708	Barrage	
de	708	Sperre	
en	708	Dam	
es	708	Presa	
de	709	Castellum aquae	
en	709	Castellum aquae	
es	709	Castellum aquae	
fr	709	Castellum aquae	
fr	710	Autres	
de	710	Anderes	
en	710	Others	
es	710	Otros	
en	711	Others	
es	711	Otros	
fr	711	Autres	
de	711	Anderes	
de	712	Abwässerung	
en	712	Evacuation	
es	712	Evacuación	
fr	712	Évacuation	
de	713	Abwasserkanal	
en	713	Sewer	
es	713	Sistema de alcantarillado	
fr	713	Égout	
fr	714	Autres	
de	714	Anderes	
en	714	Others	
es	714	Otros	
es	715	Baño	
fr	715	Bains	
de	715	Bad	
en	715	Baths	
de	716	Latrine	
en	716	Latrine	
es	716	Letrina	
fr	716	Latrines	
en	717	Irrigation	
es	717	Irrigación	
fr	717	Irrigation	
de	717	Bewässerung	
de	718	Anderes	
en	718	Others	
es	718	Otros	
fr	718	Autres	
es	719	Indeterminado	
fr	719	Indéterminé	
de	719	Unbestimmt	
en	719	Unknown	
de	720	Grube	
en	720	Pit	
es	720	Foso y fosa	
fr	720	Fosse	
en	721	Slit pit	
es	721	Ranura neolítica	
fr	721	Fente néolithique	
de	721	Schlitzgrube	
es	722	Zanja	
fr	722	Fossé	
de	722	Graben	
en	722	Ditch	
fr	723	Autres	
de	723	Anderes	
en	723	Others	
es	723	Otros	
\.


--
-- PostgreSQL database dump complete
--

